image,width_px,height_px,num_channels,source_file,recovery_file,recovered,acquisition_id,acquisition_description,acquisition_start_x_um,acquisition_start_y_um,acquisition_end_x_um,acquisition_end_y_um,acquisition_width_um,acquisition_height_um
10123900-USL-VAR-TIS-01-IMC-02_001.tiff,600,600,44,10123900-USL-VAR-TIS-01-IMC-02.mcd,,False,1,pos1_1_Na,31617.0,5973.0,32217.0,5373.0,600.0,600.0
10123900-USL-VAR-TIS-01-IMC-02_002.tiff,600,600,44,10123900-USL-VAR-TIS-01-IMC-02.mcd,,False,2,pos1_2_Na,24374.0,19105.0,24974.0,18505.0,600.0,600.0
10123900-USL-VAR-TIS-01-IMC-02_003.tiff,600,600,44,10123900-USL-VAR-TIS-01-IMC-02.mcd,,False,3,pos1_3_Na,30754.436,6195.59,31354.436,5595.59,600.0,600.0
10123899-USL-VAR-TIS-01-IMC-02_001.tiff,600,600,44,10123899-USL-VAR-TIS-01-IMC-02.mcd,,False,1,pos1_1_Na,29211.0,10559.0,29811.0,9959.0,600.0,600.0
10123899-USL-VAR-TIS-01-IMC-02_003.tiff,600,600,44,10123899-USL-VAR-TIS-01-IMC-02.mcd,,False,3,pos1_3_Na,26968.576,6422.877,27568.576,5822.877,600.0,600.0
10123899-USL-VAR-TIS-01-IMC-02_004.tiff,600,600,44,10123899-USL-VAR-TIS-01-IMC-02.mcd,,False,4,pos1_1_NEW,29378.576,11485.877,29978.576,10885.877,600.0,600.0
10123898-USL-VAR-TIS-01-IMC-02_001.tiff,600,600,44,10123898-USL-VAR-TIS-01-IMC-02.mcd,,False,1,pos1_1_Na,33939.0,6889.0,34539.0,6289.0,600.0,600.0
10123898-USL-VAR-TIS-01-IMC-02_002.tiff,600,600,44,10123898-USL-VAR-TIS-01-IMC-02.mcd,,False,2,pos1_2_Na,29673.0,8020.0,30273.0,7420.0,600.0,600.0
10123898-USL-VAR-TIS-01-IMC-02_003.tiff,600,600,44,10123898-USL-VAR-TIS-01-IMC-02.mcd,,False,3,pos1_3_Na,29197.0,18864.0,29797.0,18264.0,600.0,600.0
10123897-USL-VAR-TIS-01-IMC-02_001.tiff,600,600,44,10123897-USL-VAR-TIS-01-IMC-02.mcd,,False,1,pos1_1_Na,35101.0,16720.0,35701.0,16120.0,600.0,600.0
10123897-USL-VAR-TIS-01-IMC-02_002.tiff,600,600,44,10123897-USL-VAR-TIS-01-IMC-02.mcd,,False,2,pos1_2_Na,32063.0,14701.0,32663.0,14101.0,600.0,600.0
10123897-USL-VAR-TIS-01-IMC-02_003.tiff,600,600,44,10123897-USL-VAR-TIS-01-IMC-02.mcd,,False,3,pos1_3_Na,28319.0,14271.0,28919.0,13671.0,600.0,600.0
10123895-USL-VAR-TIS-01-IMC-02_001.tiff,600,600,44,10123895-USL-VAR-TIS-01-IMC-02.mcd,,False,1,pos1_1_Na,17263.0,14868.0,17863.0,14268.0,600.0,600.0
10123895-USL-VAR-TIS-01-IMC-02_002.tiff,600,600,44,10123895-USL-VAR-TIS-01-IMC-02.mcd,,False,2,pos1_2_Na,15792.0,15022.0,16392.0,14422.0,600.0,600.0
10123895-USL-VAR-TIS-01-IMC-02_003.tiff,600,600,44,10123895-USL-VAR-TIS-01-IMC-02.mcd,,False,3,pos1_3_Na,17584.0,12988.0,18184.0,12388.0,600.0,600.0
10123894-USL-VAR-TIS-01-IMC-02_001.tiff,600,600,44,10123894-USL-VAR-TIS-01-IMC-02.mcd,,False,1,pos1_1_Na,28821.0,17793.0,29421.0,17193.0,600.0,600.0
10123894-USL-VAR-TIS-01-IMC-02_002.tiff,600,600,44,10123894-USL-VAR-TIS-01-IMC-02.mcd,,False,2,pos1_2_Na,34726.0,9555.0,35326.0,8955.0,600.0,600.0
10123894-USL-VAR-TIS-01-IMC-02_003.tiff,600,600,44,10123894-USL-VAR-TIS-01-IMC-02.mcd,,False,3,pos1_3_Na,30329.0,6230.0,30929.0,5630.0,600.0,600.0
10123893-USL-VAR-TIS-01-IMC-02_001.tiff,600,600,44,10123893-USL-VAR-TIS-01-IMC-02.mcd,,False,1,pos1_1_Na,30455.0,15959.0,31055.0,15359.0,600.0,600.0
10123893-USL-VAR-TIS-01-IMC-02_002.tiff,600,600,44,10123893-USL-VAR-TIS-01-IMC-02.mcd,,False,2,pos1_2_Na,20671.0,16516.0,21271.0,15916.0,600.0,600.0
10123893-USL-VAR-TIS-01-IMC-02_003.tiff,600,600,44,10123893-USL-VAR-TIS-01-IMC-02.mcd,,False,3,pos1_3_Na,21769.0,13675.0,22369.0,13075.0,600.0,600.0
10123892-USL-VAR-TIS-01-IMC-02_001.tiff,600,600,44,10123892-USL-VAR-TIS-01-IMC-02.mcd,,False,1,pos1_1_Na,34635.0,14369.0,35235.0,13769.0,600.0,600.0
10123892-USL-VAR-TIS-01-IMC-02_002.tiff,600,600,44,10123892-USL-VAR-TIS-01-IMC-02.mcd,,False,2,pos1_2_Na,32650.0,17368.0,33250.0,16768.0,600.0,600.0
10123892-USL-VAR-TIS-01-IMC-02_003.tiff,600,600,44,10123892-USL-VAR-TIS-01-IMC-02.mcd,,False,3,pos1_3_Na,24245.0,13976.0,24845.0,13376.0,600.0,600.0
10123888-USL-VAR-TIS-01-IMC-02_001.tiff,600,600,44,10123888-USL-VAR-TIS-01-IMC-02.mcd,,False,1,pos1_1_Na,31647.0,15388.0,32247.0,14788.0,600.0,600.0
10123888-USL-VAR-TIS-01-IMC-02_002.tiff,600,600,44,10123888-USL-VAR-TIS-01-IMC-02.mcd,,False,2,pos1_2_Na,32491.0,15736.0,33091.0,15136.0,600.0,600.0
10123888-USL-VAR-TIS-01-IMC-02_003.tiff,600,600,44,10123888-USL-VAR-TIS-01-IMC-02.mcd,,False,3,pos1_3_Na,30409.0,16601.0,31009.0,16001.0,600.0,600.0
10123887-USL-VAR-TIS-01-IMC-02_001.tiff,600,600,44,10123887-USL-VAR-TIS-01-IMC-02.mcd,,False,1,pos1_1_Na,28319.0,17576.0,28919.0,16976.0,600.0,600.0
10123887-USL-VAR-TIS-01-IMC-02_002.tiff,600,600,44,10123887-USL-VAR-TIS-01-IMC-02.mcd,,False,2,pos1_2_Na,20988.0,9875.0,21588.0,9275.0,600.0,600.0
10123887-USL-VAR-TIS-01-IMC-02_003.tiff,600,600,44,10123887-USL-VAR-TIS-01-IMC-02.mcd,,False,3,pos1_3_Na,28878.0,5928.0,29478.0,5328.0,600.0,600.0
10123886-USL-VAR-TIS-01-IMC-02_001.tiff,600,600,44,10123886-USL-VAR-TIS-01-IMC-02.mcd,,False,1,pos1_1_Na,26729.0,13275.0,27329.0,12675.0,600.0,600.0
10123886-USL-VAR-TIS-01-IMC-02_002.tiff,600,600,44,10123886-USL-VAR-TIS-01-IMC-02.mcd,,False,2,pos1_2_Na,31671.0,14957.0,32271.0,14357.0,600.0,600.0
10123886-USL-VAR-TIS-01-IMC-02_003.tiff,600,600,44,10123886-USL-VAR-TIS-01-IMC-02.mcd,,False,3,pos1_3_Na,29520.0,7334.0,30120.0,6734.0,600.0,600.0
10123885-USL-VAR-TIS-01-IMC-02_001.tiff,600,600,44,10123885-USL-VAR-TIS-01-IMC-02.mcd,,False,1,pos1_1_Na,39737.0,12529.0,40337.0,11929.0,600.0,600.0
10123885-USL-VAR-TIS-01-IMC-02_002.tiff,600,600,44,10123885-USL-VAR-TIS-01-IMC-02.mcd,,False,2,pos1_2_Na,34541.0,12089.0,35141.0,11489.0,600.0,600.0
10123885-USL-VAR-TIS-01-IMC-02_003.tiff,600,600,44,10123885-USL-VAR-TIS-01-IMC-02.mcd,,False,3,pos1_3_Na,39583.0,6975.0,40183.0,6375.0,600.0,600.0
10123884-USL-VAR-TIS-01-IMC-02_001.tiff,600,600,44,10123884-USL-VAR-TIS-01-IMC-02.mcd,,False,1,pos1_1_Na,21386.0,18745.0,21986.0,18145.0,600.0,600.0
10123884-USL-VAR-TIS-01-IMC-02_002.tiff,600,600,44,10123884-USL-VAR-TIS-01-IMC-02.mcd,,False,2,pos1_2_Na,21560.0,7990.0,22160.0,7390.0,600.0,600.0
10123884-USL-VAR-TIS-01-IMC-02_003.tiff,600,600,44,10123884-USL-VAR-TIS-01-IMC-02.mcd,,False,3,pos1_3_Na,19442.0,9165.0,20042.0,8565.0,600.0,600.0
10123883-USL-VAR-TIS-01-IMC-02_001.tiff,600,600,44,10123883-USL-VAR-TIS-01-IMC-02.mcd,,False,1,pos1_1_Na,19953.0,21284.0,20553.0,20684.0,600.0,600.0
10123883-USL-VAR-TIS-01-IMC-02_002.tiff,600,600,44,10123883-USL-VAR-TIS-01-IMC-02.mcd,,False,2,pos1_2_Na,33816.0,16064.0,34416.0,15464.0,600.0,600.0
10123883-USL-VAR-TIS-01-IMC-02_003.tiff,600,600,44,10123883-USL-VAR-TIS-01-IMC-02.mcd,,False,3,pos1_3_Na,15643.0,14730.0,16243.0,14130.0,600.0,600.0
10123883-USL-VAR-TIS-01-IMC-02_004.tiff,600,600,44,10123883-USL-VAR-TIS-01-IMC-02.mcd,,False,4,pos1_1_NEW,25377.0,20487.0,25977.0,19887.0,600.0,600.0
10123883-USL-VAR-TIS-01-IMC-02_005.tiff,600,600,44,10123883-USL-VAR-TIS-01-IMC-02.mcd,,False,5,pos1_2_NEW,33724.321,15998.02,34324.321,15398.02,600.0,600.0
10123882-USL-VAR-TIS-01-IMC-02_001.tiff,600,600,44,10123882-USL-VAR-TIS-01-IMC-02.mcd,,False,1,pos1_1_Na,25608.0,20357.0,26208.0,19757.0,600.0,600.0
10123882-USL-VAR-TIS-01-IMC-02_002.tiff,600,600,44,10123882-USL-VAR-TIS-01-IMC-02.mcd,,False,2,pos1_2_Na,23229.0,14215.0,23829.0,13615.0,600.0,600.0
10123882-USL-VAR-TIS-01-IMC-02_003.tiff,600,600,44,10123882-USL-VAR-TIS-01-IMC-02.mcd,,False,3,pos1_3_Na,26335.0,18073.0,26935.0,17473.0,600.0,600.0
10123881-USL-VAR-TIS-01-IMC-02_001.tiff,600,600,44,10123881-USL-VAR-TIS-01-IMC-02.mcd,,False,1,pos1_1_Na,23330.0,16194.0,23930.0,15594.0,600.0,600.0
10123881-USL-VAR-TIS-01-IMC-02_002.tiff,600,600,44,10123881-USL-VAR-TIS-01-IMC-02.mcd,,False,2,pos1_2_Na,34485.0,13860.0,35085.0,13260.0,600.0,600.0
10123881-USL-VAR-TIS-01-IMC-02_003.tiff,600,600,44,10123881-USL-VAR-TIS-01-IMC-02.mcd,,False,3,pos1_3_Na,31526.0,18752.0,32126.0,18152.0,600.0,600.0
10123880-USL-VAR-TIS-01-IMC-02_001.tiff,600,600,44,10123880-USL-VAR-TIS-01-IMC-02.mcd,,False,1,pos1_1_Na,25307.0,9555.0,25907.0,8955.0,600.0,600.0
10123880-USL-VAR-TIS-01-IMC-02_002.tiff,600,600,44,10123880-USL-VAR-TIS-01-IMC-02.mcd,,False,2,pos1_2_Na,25386.0,10203.0,25986.0,9603.0,600.0,600.0
10123880-USL-VAR-TIS-01-IMC-02_003.tiff,600,600,44,10123880-USL-VAR-TIS-01-IMC-02.mcd,,False,3,pos1_3_Na,26159.0,10008.0,26759.0,9408.0,600.0,600.0
10123879-USL-VAR-TIS-01-IMC-02_001.tiff,600,600,44,10123879-USL-VAR-TIS-01-IMC-02.mcd,,False,1,pos1_1_Na,30919.0,12277.0,31519.0,11677.0,600.0,600.0
10123879-USL-VAR-TIS-01-IMC-02_002.tiff,600,600,44,10123879-USL-VAR-TIS-01-IMC-02.mcd,,False,2,pos1_2_Na,21971.433,9615.679,22571.433,9015.679,600.0,600.0
10123879-USL-VAR-TIS-01-IMC-02_003.tiff,600,600,44,10123879-USL-VAR-TIS-01-IMC-02.mcd,,False,3,pos1_3_Na,21672.092,21287.802,22272.092,20687.802,600.0,600.0
10123878-USL-VAR-TIS-01-IMC-02_001.tiff,600,600,44,10123878-USL-VAR-TIS-01-IMC-02.mcd,,False,1,pos1_1_Na,23998.281,18782.3,24598.281,18182.3,600.0,600.0
10123878-USL-VAR-TIS-01-IMC-02_002.tiff,600,600,44,10123878-USL-VAR-TIS-01-IMC-02.mcd,,False,2,pos1_2_Na,26048.786,16204.28,26648.786,15604.28,600.0,600.0
10123878-USL-VAR-TIS-01-IMC-02_003.tiff,600,600,44,10123878-USL-VAR-TIS-01-IMC-02.mcd,,False,3,pos1_3_Na,30940.0,10874.353,31540.0,10274.353,600.0,600.0
10123876-USL-VAR-TIS-01-IMC-02_001.tiff,600,600,44,10123876-USL-VAR-TIS-01-IMC-02.mcd,,False,1,pos1_1_Na,32801.0,13934.0,33401.0,13334.0,600.0,600.0
10123876-USL-VAR-TIS-01-IMC-02_002.tiff,600,600,44,10123876-USL-VAR-TIS-01-IMC-02.mcd,,False,2,pos1_2_Na,32650.0,9090.0,33250.0,8490.0,600.0,600.0
10123876-USL-VAR-TIS-01-IMC-02_003.tiff,600,600,44,10123876-USL-VAR-TIS-01-IMC-02.mcd,,False,3,pos1_3_Na,30087.0,11648.0,30687.0,11048.0,600.0,600.0
10123875-USL-VAR-TIS-01-IMC-02_001.tiff,600,600,44,10123875-USL-VAR-TIS-01-IMC-02.mcd,,False,1,pos1_1_Na,28207.0,6427.0,28807.0,5827.0,600.0,600.0
10123875-USL-VAR-TIS-01-IMC-02_002.tiff,600,600,44,10123875-USL-VAR-TIS-01-IMC-02.mcd,,False,2,pos1_2_Na,33437.0,15888.0,34037.0,15288.0,600.0,600.0
10123875-USL-VAR-TIS-01-IMC-02_003.tiff,600,600,44,10123875-USL-VAR-TIS-01-IMC-02.mcd,,False,3,pos1_3_Na,42734.0,8248.0,43334.0,7648.0,600.0,600.0
10123874-USL-VAR-TIS-01-IMC-02_001.tiff,600,600,44,10123874-USL-VAR-TIS-01-IMC-02.mcd,,False,1,pos1_1_Na,29257.0,7770.0,29857.0,7170.0,600.0,600.0
10123874-USL-VAR-TIS-01-IMC-02_002.tiff,600,600,44,10123874-USL-VAR-TIS-01-IMC-02.mcd,,False,2,pos1_2_Na,31268.0,10278.0,31868.0,9678.0,600.0,600.0
10123874-USL-VAR-TIS-01-IMC-02_003.tiff,600,600,44,10123874-USL-VAR-TIS-01-IMC-02.mcd,,False,3,pos1_3_Na,31397.0,7326.0,31997.0,6726.0,600.0,600.0
10123873-USL-VAR-TIS-01-IMC-02_001.tiff,600,600,44,10123873-USL-VAR-TIS-01-IMC-02.mcd,,False,1,pos1_1_Na,37738.0,8614.0,38338.0,8014.0,600.0,600.0
10123873-USL-VAR-TIS-01-IMC-02_002.tiff,600,600,44,10123873-USL-VAR-TIS-01-IMC-02.mcd,,False,2,pos1_2_Na,20157.0,17707.0,20757.0,17107.0,600.0,600.0
10123873-USL-VAR-TIS-01-IMC-02_003.tiff,600,600,44,10123873-USL-VAR-TIS-01-IMC-02.mcd,,False,3,pos1_3_Na,26178.0,17067.0,26778.0,16467.0,600.0,600.0
10123871-USL-VAR-TIS-01-IMC-02_001.tiff,600,600,44,10123871-USL-VAR-TIS-01-IMC-02.mcd,,False,1,pos1_1_Na,40412.0,16121.0,41012.0,15521.0,600.0,600.0
10123871-USL-VAR-TIS-01-IMC-02_002.tiff,600,600,44,10123871-USL-VAR-TIS-01-IMC-02.mcd,,False,2,pos1_2_Na,41782.0,14886.0,42382.0,14286.0,600.0,600.0
10123871-USL-VAR-TIS-01-IMC-02_003.tiff,600,600,44,10123871-USL-VAR-TIS-01-IMC-02.mcd,,False,3,pos1_3_Na,34612.0,8497.0,35212.0,7897.0,600.0,600.0
10123869-USL-VAR-TIS-01-IMC-02_001.tiff,600,600,44,10123869-USL-VAR-TIS-01-IMC-02.mcd,,False,1,pos1_1_Na,26865.0,19630.0,27465.0,19030.0,600.0,600.0
10123869-USL-VAR-TIS-01-IMC-02_002.tiff,600,600,44,10123869-USL-VAR-TIS-01-IMC-02.mcd,,False,2,pos1_2_Na,31861.0,18403.0,32461.0,17803.0,600.0,600.0
10123869-USL-VAR-TIS-01-IMC-02_003.tiff,600,600,44,10123869-USL-VAR-TIS-01-IMC-02.mcd,,False,3,pos1_3_Na,26793.0,18675.0,27393.0,18075.0,600.0,600.0
10123868-USL-VAR-TIS-01-IMC-02_001.tiff,600,600,44,10123868-USL-VAR-TIS-01-IMC-02.mcd,,False,1,pos1_1_Na,37048.0,9340.0,37648.0,8740.0,600.0,600.0
10123868-USL-VAR-TIS-01-IMC-02_002.tiff,600,600,44,10123868-USL-VAR-TIS-01-IMC-02.mcd,,False,2,pos1_2_Na,38627.0,10899.0,39227.0,10299.0,600.0,600.0
10123868-USL-VAR-TIS-01-IMC-02_003.tiff,600,600,44,10123868-USL-VAR-TIS-01-IMC-02.mcd,,False,3,pos1_3_Na,39791.0,12329.0,40391.0,11729.0,600.0,600.0
10123865-USL-VAR-TIS-01-IMC-02_001.tiff,600,600,44,10123865-USL-VAR-TIS-01-IMC-02.mcd,,False,1,pos1_1_Na,40431.0,17343.0,41031.0,16743.0,600.0,600.0
10123865-USL-VAR-TIS-01-IMC-02_002.tiff,600,600,44,10123865-USL-VAR-TIS-01-IMC-02.mcd,,False,2,pos1_2_Na,33504.0,14823.0,34104.0,14223.0,600.0,600.0
10123865-USL-VAR-TIS-01-IMC-02_003.tiff,600,600,44,10123865-USL-VAR-TIS-01-IMC-02.mcd,,False,3,pos1_3_Na,45858.0,9384.0,46458.0,8784.0,600.0,600.0
10123864-USL-VAR-TIS-01-IMC-02_001.tiff,600,600,44,10123864-USL-VAR-TIS-01-IMC-02.mcd,,False,1,pos1_1_Na,29311.0,17665.0,29911.0,17065.0,600.0,600.0
10123864-USL-VAR-TIS-01-IMC-02_002.tiff,600,600,44,10123864-USL-VAR-TIS-01-IMC-02.mcd,,False,2,pos1_2_Na,29798.0,15326.0,30398.0,14726.0,600.0,600.0
10123864-USL-VAR-TIS-01-IMC-02_003.tiff,600,600,44,10123864-USL-VAR-TIS-01-IMC-02.mcd,,False,3,pos1_3_Na,41679.0,13860.0,42279.0,13260.0,600.0,600.0
