Object,Neighbor,Distance
1,9,11.230325
1,26,6.9407663
2,8,4.4424505
2,23,6.847558
2,41,12.826139
4,5,6.675926
4,6,14.773829
4,18,12.492636
4,19,7.4000506
5,6,8.178267
5,18,6.170333
5,19,13.099835
6,18,5.1455398
6,28,10.949168
7,20,12.17831
7,25,7.754418
7,29,7.06411
7,47,12.806566
8,23,4.3020754
8,27,12.910892
8,41,12.4395
9,26,9.255742
9,39,9.073545
10,15,13.2461815
10,35,10.274699
11,32,10.445917
12,25,10.548882
12,30,14.804061
13,20,11.188872
13,49,13.58643
14,44,12.096742
15,43,8.756682
18,28,12.404085
20,29,8.5393
20,47,13.023632
21,35,13.5028715
22,38,6.121716
22,63,14.606053
23,27,12.797186
23,41,8.461652
23,50,11.5290785
25,29,9.878534
25,47,11.703238
26,39,8.772755
26,55,10.965144
27,65,12.817838
28,33,9.507727
29,47,6.585201
30,45,5.1417456
30,61,11.632065
31,46,7.7345123
32,51,8.557971
32,73,14.633001
34,37,5.492721
36,40,13.232098
36,48,9.496561
36,56,14.18473
36,60,9.628515
37,45,13.640236
38,63,8.593926
39,55,9.627646
39,69,12.524684
40,56,8.164964
40,60,11.768959
41,50,8.479006
41,66,9.183828
42,68,14.234106
42,69,11.201913
42,76,12.268886
43,59,9.242249
45,61,9.952475
46,77,13.156334
48,60,12.020477
50,65,8.3231325
50,66,11.987609
51,73,8.278666
52,78,12.8783245
54,70,5.253587
54,72,10.993531
55,87,13.593964
56,60,6.820123
57,94,14.964325
58,79,10.669431
58,84,10.224489
59,86,11.411867
63,92,13.283891
66,95,12.764581
67,68,14.05064
67,83,9.372417
68,76,12.845694
69,76,7.5708027
69,87,14.384339
69,98,12.219657
69,101,13.0988455
70,72,13.296462
73,88,7.65296
73,93,13.605963
75,82,9.971747
76,98,11.6433935
76,101,8.113041
77,99,12.996377
78,80,11.070626
79,84,5.796652
79,96,11.7803335
80,103,10.036772
81,89,7.667299
83,90,11.205292
83,110,13.377742
86,116,11.94714
86,120,14.610946
87,98,9.731836
88,93,9.432309
88,117,11.356282
90,105,5.526444
90,110,8.2853775
91,93,12.70576
91,108,10.395803
94,121,14.1204605
95,112,8.319378
96,111,7.7364507
97,109,5.9931965
98,101,7.180975
98,115,9.271494
99,107,8.500826
100,111,14.04999
100,132,14.167779
101,115,11.581254
102,127,13.554725
103,118,13.539267
103,122,10.814012
105,110,5.618442
105,129,11.655601
108,118,8.072702
108,130,14.107878
109,117,10.997537
110,129,11.887773
111,135,11.093495
114,116,7.2792253
114,120,14.810477
115,131,9.510173
116,120,7.7484837
118,130,14.605461
118,139,14.738422
118,154,13.485291
118,156,14.491976
119,134,12.154511
119,140,14.885879
120,148,11.33596
121,133,11.858812
121,137,10.253602
122,139,8.156359
122,155,14.7483835
123,124,12.590485
123,155,14.878102
125,136,9.623831
126,134,9.924309
126,159,14.259996
127,133,8.971529
127,149,9.4973755
127,152,14.238203
129,146,14.67689
130,150,10.915479
131,143,10.350681
132,157,10.151954
133,149,12.092969
133,152,7.6346393
134,159,9.513603
135,160,9.4010515
136,140,11.503301
136,158,9.954059
136,167,12.98398
138,171,13.786965
139,154,10.060156
139,155,12.20303
139,165,9.852007
140,158,8.150245
141,145,11.3653755
141,161,11.534535
142,145,14.607072
142,170,13.375372
143,163,9.662011
143,166,6.2628036
144,169,10.578325
145,176,12.403937
146,180,13.312851
148,162,4.9659185
149,152,11.48241
150,154,11.268337
150,156,6.2213936
151,168,7.8549705
151,177,14.879112
153,169,13.216214
153,174,14.962648
153,182,12.600579
154,156,5.248095
154,165,12.182229
155,165,10.156418
157,178,9.547389
158,167,7.748922
159,172,12.130149
161,179,10.231844
162,164,13.514293
163,166,11.252183
168,177,7.5215816
168,188,9.437688
169,182,14.763444
170,173,11.036822
172,193,14.864899
172,194,13.3742695
174,182,10.439062
174,196,14.883435
175,197,13.511188
176,192,14.734902
177,187,11.678332
177,188,7.6484437
179,200,13.617068
180,187,10.648534
182,196,10.223103
183,186,8.491754
184,186,13.816971
184,201,12.639291
185,208,13.23877
186,201,10.06217
187,220,13.5709305
190,198,11.425468
190,214,13.587929
192,200,10.974901
193,216,11.015929
194,207,12.716595
194,219,11.48713
195,221,10.619601
196,234,12.693106
197,215,13.148896
198,214,10.955028
199,225,9.646681
200,211,9.203377
201,222,14.143429
201,228,11.241624
202,211,13.644828
202,232,9.644348
204,210,12.081356
204,240,13.058795
205,226,12.423286
206,218,10.848825
206,223,8.49613
207,219,6.9022446
207,230,8.460018
207,235,12.675329
208,224,10.771066
209,216,9.741741
209,233,9.07177
212,226,8.514365
212,237,14.580014
213,218,8.312159
213,243,13.448415
213,246,12.468258
214,236,7.6611347
215,241,10.487202
215,247,14.094314
216,229,12.667598
216,233,6.0947504
217,227,9.430353
218,246,11.893465
219,229,13.39817
219,230,8.406448
220,235,14.106045
221,239,10.252117
222,228,13.261873
223,253,14.719634
224,255,12.456949
225,234,13.376809
225,245,13.3581295
227,252,9.0395975
228,257,13.676258
230,235,6.9292893
234,242,12.476625
234,245,8.591697
234,261,13.222332
237,258,13.737991
238,260,8.166136
239,263,11.447794
240,265,11.882682
241,244,12.105551
241,247,9.811768
241,259,14.896694
242,245,14.799881
242,261,11.846427
242,268,10.166973
243,246,10.798884
243,254,11.612351
243,256,6.998774
243,274,14.411149
244,259,6.1563783
245,261,7.537473
245,268,14.709094
246,270,11.626997
247,251,13.59642
247,277,14.555387
248,269,12.342094
248,273,12.214192
249,258,5.024261
249,267,9.889465
253,279,13.74373
254,256,6.932101
255,262,14.983937
256,274,9.828695
256,286,14.3768
257,288,14.07753
258,267,11.179301
259,276,14.27454
259,290,13.750603
260,278,10.726646
261,268,7.5177603
261,297,14.5078945
263,272,13.424019
263,287,10.612696
264,272,13.383948
264,275,11.591885
264,292,11.383074
265,266,10.987129
266,294,10.672725
267,293,11.658817
268,284,8.734754
268,297,13.854216
268,308,14.934816
269,273,5.6382456
269,285,14.173635
270,274,10.693877
270,286,9.388642
270,303,12.239686
271,300,14.929263
271,306,12.034347
272,287,10.581459
272,292,13.382848
273,285,8.537179
274,286,4.595103
274,303,13.194925
275,292,13.170848
275,318,14.59647
276,277,7.659819
276,290,12.107095
277,304,11.785609
277,324,14.637789
278,322,14.765638
279,282,11.038042
279,296,14.704402
279,310,9.987886
280,295,12.090954
281,295,7.54393
282,301,10.5057
282,320,11.394023
283,291,14.070521
284,297,14.201402
284,308,10.823779
285,294,13.984193
285,305,8.274021
286,303,8.600262
288,300,14.346183
288,316,10.829177
289,319,8.982976
290,314,7.5363393
291,338,14.123009
292,318,14.015454
293,329,10.517959
293,330,12.408669
294,305,9.176387
294,307,11.993213
295,332,13.770155
296,310,10.795274
296,311,14.376259
297,308,7.122502
297,341,13.289073
298,299,11.523167
298,311,5.458564
298,317,8.949758
298,344,14.007882
299,317,6.986629
299,323,14.250622
300,306,13.035918
301,320,8.841458
302,325,12.72841
304,315,14.540243
304,324,8.485181
304,327,10.021276
304,336,8.949252
306,307,14.150026
306,331,9.472772
306,342,11.58088
307,331,11.473909
308,341,9.476288
309,315,13.029014
309,321,5.164308
309,340,11.857094
311,317,11.212247
311,344,12.398408
312,318,9.898767
312,328,11.512805
312,334,8.520522
314,346,12.866387
315,321,8.395724
315,327,6.9241114
315,336,12.783893
315,340,8.318687
316,343,10.945771
316,345,10.1460905
317,344,8.802378
318,334,12.362751
321,327,14.75268
321,340,7.129291
322,347,9.092278
322,353,12.121178
323,333,7.033534
323,350,10.551116
324,327,14.304131
324,336,9.438586
324,346,12.198688
324,351,10.79365
327,336,5.860034
327,340,11.547073
327,358,12.3
328,334,9.782709
328,354,12.268192
329,330,5.5679793
329,333,10.420681
330,339,12.607135
331,342,9.120932
331,356,11.975874
332,348,10.370957
333,350,12.218698
335,339,8.191477
335,348,11.43666
335,369,13.888701
336,351,13.949037
336,358,12.419743
340,358,11.5428095
340,361,13.48982
341,354,14.586884
341,357,9.14792
342,355,9.843548
342,364,11.532114
343,345,11.113445
343,355,13.855672
343,365,12.221099
343,372,13.4520445
344,362,14.1385
345,372,13.020774
346,351,8.334491
347,353,9.80732
347,367,13.4589
347,375,11.446666
348,369,11.93254
349,356,14.874673
349,371,12.437842
350,373,8.963613
351,381,12.402904
352,362,6.7725043
353,375,13.705895
354,385,12.411507
355,364,13.005173
355,365,9.146404
356,364,13.470902
357,384,11.733471
358,379,11.212553
359,360,13.521595
359,392,13.6230135
363,382,13.867391
365,372,10.841612
365,400,13.262022
366,374,7.8677464
366,386,9.535601
366,396,11.08513
367,375,8.402739
367,406,14.247567
369,402,13.79835
370,376,4.9883766
370,391,13.9683075
371,378,14.918608
372,389,11.959862
373,374,9.187797
373,388,7.610855
373,410,14.9681835
374,388,11.352005
374,396,11.526316
375,399,12.748414
375,406,12.671048
376,391,9.662551
377,409,13.084396
378,384,12.655221
379,381,9.295817
379,387,6.2332335
379,397,14.425912
379,405,11.448345
380,395,8.637188
381,387,5.016989
381,395,14.92219
381,397,6.3725867
382,390,5.5514517
382,414,14.30119
383,407,10.380279
384,398,12.154869
385,398,9.333575
386,396,8.604326
386,413,11.549753
387,397,8.409096
387,405,10.40142
388,410,7.5564256
388,416,12.9193
390,414,13.600179
390,415,14.630423
391,419,11.461153
392,411,8.120557
393,403,7.1503577
394,408,10.019777
395,397,10.633649
395,417,10.490318
396,413,7.2266536
399,406,12.14758
401,402,11.171872
404,412,11.094744
404,426,10.403242
404,427,11.17927
405,418,14.797429
406,428,13.194554
407,429,9.749626
408,409,8.860517
408,434,10.986875
410,416,6.641245
411,430,11.772971
412,425,10.422329
412,426,8.970945
413,432,8.835694
415,418,8.150064
415,435,11.892569
416,427,11.979453
416,436,10.302914
418,449,12.484104
419,433,8.556069
420,429,12.006883
422,441,13.761552
422,452,11.108872
424,425,13.777619
424,430,10.400932
424,443,9.961714
424,447,9.816352
425,426,14.388901
425,447,14.281844
426,427,10.611127
427,436,8.6206875
428,457,13.295086
430,442,13.182356
430,443,6.693163
430,447,13.8568325
430,459,14.195935
432,448,7.090053
432,453,8.604588
433,465,13.794021
434,437,8.314484
434,467,14.361755
436,456,14.322856
436,468,13.091441
438,439,7.185404
438,463,11.014388
439,463,11.427972
439,469,12.348606
440,454,7.4178185
440,466,11.393578
440,473,14.685004
441,452,14.5610695
443,447,8.073867
443,458,11.487186
443,459,7.771784
444,451,5.867535
444,470,13.205778
447,458,5.9873114
447,459,8.262834
448,453,7.6963286
450,461,7.036848
450,474,10.383967
451,470,14.310586
451,481,12.414205
452,478,14.468473
454,466,6.9055014
455,464,8.044535
455,485,14.55775
456,468,10.53655
458,459,6.557891
460,484,12.807513
460,494,14.521983
461,474,5.9600115
461,490,12.953885
462,468,14.847862
463,469,11.397336
464,485,14.976378
464,497,13.837324
465,471,14.290209
466,473,11.613671
466,489,10.628906
468,488,10.435737
469,477,9.622645
470,476,10.290843
470,481,12.847203
471,483,6.8852196
472,484,11.5194435
473,474,10.42074
473,489,12.798795
474,490,14.124168
477,482,11.708129
478,493,11.371102
479,499,8.685278
480,494,14.752107
480,498,8.278786
481,503,13.824549
482,506,11.029661
482,510,10.158187
483,511,10.1963625
484,494,8.730106
484,514,12.125057
484,524,14.948222
485,492,9.930319
485,497,11.155213
485,502,8.85979
485,507,8.711824
487,496,14.028845
487,521,14.063197
488,522,12.578616
490,500,7.7081437
490,504,12.37008
491,501,11.164845
492,507,9.487753
493,508,8.437799
493,519,10.190385
494,498,9.6231785
494,514,14.254536
494,524,11.387983
494,527,14.8776045
495,531,14.726315
496,499,11.868773
496,521,14.691993
497,502,6.052385
497,507,13.215585
497,515,8.343173
497,520,10.783913
498,527,13.468705
499,526,10.20661
500,533,13.4697
501,532,12.647889
502,507,7.383962
502,515,9.785798
502,520,7.138458
502,537,14.096188
506,510,6.1590576
506,516,7.6055765
507,520,10.404179
507,539,13.320081
508,519,6.949177
509,512,7.6009364
510,516,13.298212
510,548,14.816132
511,518,11.396966
513,516,11.913541
513,534,11.477454
513,547,13.415425
514,524,8.618132
514,530,5.7756743
514,536,9.181368
515,520,7.7183924
515,537,9.43839
515,551,13.6703825
516,545,11.898566
517,523,7.1582036
519,554,12.185489
520,537,7.1541495
520,539,14.198479
520,551,13.794177
522,528,11.115234
522,534,9.274163
522,547,14.717261
523,560,14.780415
524,527,8.27132
524,530,8.359924
524,536,14.033596
524,543,8.582786
526,544,7.3030634
526,556,13.854794
527,535,9.907961
527,543,6.746513
528,564,12.48518
530,536,5.6740375
530,543,11.583004
532,546,5.0626044
532,549,8.302668
532,566,12.427557
533,552,14.190028
533,563,11.597824
534,547,5.521475
535,543,14.662725
536,562,14.216454
537,551,6.7178864
537,568,11.134466
538,559,10.134466
539,558,11.517686
539,561,8.290873
542,548,8.369447
542,557,5.832735
543,574,13.155736
544,556,7.9442015
545,548,10.770329
546,549,7.258718
546,565,11.945882
546,566,8.102501
546,578,11.676788
547,572,10.307764
547,575,13.190363
548,557,11.49497
549,550,14.07783
549,555,8.305593
549,566,7.4467945
549,570,14.614104
549,578,14.4128895
549,581,11.808808
550,555,5.778832
550,562,4.8885283
550,570,6.5037856
550,581,14.721348
551,565,9.26675
551,568,7.525047
552,585,11.280147
553,554,9.916448
553,589,14.602079
554,586,11.597645
554,589,14.548528
555,562,10.096597
555,566,13.091669
555,570,7.8693614
555,581,11.508837
557,560,14.540671
557,590,14.12381
558,561,5.865834
558,594,12.207961
560,580,8.510932
560,593,10.598171
561,594,12.42646
562,570,6.0904098
565,566,13.588551
565,568,11.700341
565,578,8.913229
565,606,14.966494
566,578,7.363284
566,581,8.411213
566,598,11.398628
567,587,7.9336877
567,597,12.05066
567,609,14.1266985
569,573,11.461463
569,596,10.986082
570,581,9.93892
570,601,13.967606
571,591,9.867026
572,575,9.884493
572,605,14.039647
573,582,10.216195
573,603,11.21851
574,583,12.708148
574,592,8.584475
574,610,12.452177
575,605,10.836137
577,591,12.326604
578,581,12.977186
578,598,10.047472
578,606,11.264375
578,624,14.921078
579,619,13.60835
580,593,6.508226
581,598,8.833948
581,601,8.286435
581,617,14.573375
582,603,9.909235
583,621,13.478697
584,607,11.021385
584,612,10.631765
585,611,10.342533
586,589,7.3999224
587,597,11.305392
587,609,8.250377
590,600,11.670302
592,610,9.451175
593,623,11.015255
594,596,9.927122
594,602,10.037306
594,629,13.706323
597,604,8.534487
597,609,8.182722
598,601,7.8967986
598,606,12.553274
598,617,6.7308326
598,622,14.413679
598,624,8.8088045
600,613,8.563203
600,628,9.7599325
601,614,14.111645
601,617,9.388759
601,622,7.4786677
601,624,13.6889515
601,641,13.203572
602,608,9.981235
602,629,12.46865
602,634,11.009692
603,642,12.829883
605,620,10.084683
606,617,12.772562
606,624,9.012459
606,631,12.715374
607,612,5.584156
607,626,8.228688
607,627,14.214864
607,633,9.520631
608,618,7.6540885
608,634,11.642982
610,636,13.017554
610,643,10.651146
611,616,10.352675
611,645,13.547924
612,626,11.477616
612,627,8.810536
612,633,7.681736
612,652,14.155034
613,620,9.142919
613,628,11.992876
613,657,14.804796
614,622,8.714289
614,630,5.41684
615,625,7.273958
615,637,6.4929338
615,645,10.480363
616,650,11.012251
617,622,12.447082
617,624,4.5540285
617,641,9.124213
618,631,8.602325
618,634,14.763236
618,651,13.99202
620,656,12.709155
621,636,7.9003205
622,630,10.593631
622,641,10.259142
624,641,11.64648
625,637,8.086399
625,645,14.554802
626,633,8.5651
626,638,10.557887
626,652,10.35392
627,633,9.631484
627,652,14.342495
628,635,10.26621
628,657,12.492467
628,668,13.414037
629,634,11.407475
629,644,12.104433
629,648,8.407181
629,661,11.732914
629,669,12.638842
631,651,6.0006166
632,638,12.031883
633,652,6.484194
633,681,14.329993
634,661,10.589979
636,643,9.526608
637,645,6.591063
640,646,11.998463
641,660,6.752057
641,672,14.866069
641,674,11.359718
642,649,10.650597
642,653,13.585942
642,663,9.626449
642,667,8.432124
642,670,11.694893
642,683,13.159297
643,658,9.012537
644,648,4.8793902
644,653,8.577003
644,666,7.524806
644,669,13.368378
647,677,11.162572
648,653,12.940709
648,661,12.669521
648,666,9.280791
648,669,9.275729
649,654,13.499147
649,663,5.4625626
649,667,10.791377
649,671,7.1640897
649,683,12.1712475
650,676,14.360714
650,685,13.125224
651,672,14.608602
652,680,13.780605
652,681,9.472504
653,666,7.1726694
653,667,14.308494
653,670,7.3294125
654,671,11.396079
654,675,13.33995
654,679,9.541435
654,691,14.08443
656,657,13.753697
656,662,11.573796
656,678,7.339735
657,668,5.739764
657,678,11.630172
660,672,11.630002
660,674,5.4801126
660,684,9.144692
660,687,13.759403
660,693,11.714936
661,669,6.1175237
661,694,12.365865
662,686,14.5388365
663,667,5.840427
663,670,14.008744
663,671,7.3422985
663,683,6.759965
663,697,12.469078
666,669,12.607907
666,670,11.706753
666,701,14.869701
666,704,13.881948
667,670,8.201355
667,671,12.693456
667,683,4.915107
667,697,12.767708
668,678,14.361168
669,694,12.52631
670,683,10.94617
670,701,13.102028
671,683,11.064009
671,691,11.131875
671,697,11.988408
672,684,14.185719
672,693,12.490823
672,703,12.088273
672,707,14.924179
673,677,13.649276
674,682,11.3193
674,684,5.5052824
674,687,8.279747
674,693,9.608142
674,706,11.516323
675,679,6.922554
675,692,11.653603
676,685,8.482536
676,689,7.292284
676,700,12.58698
676,712,14.953109
677,705,13.110322
677,708,13.2772
679,691,10.079859
680,695,11.749296
681,715,13.738877
682,684,13.201805
682,687,5.9955134
682,696,12.944713
682,706,12.936909
682,711,10.826317
682,722,14.794889
683,697,7.8680673
684,687,7.8922024
684,693,4.4984436
684,703,12.304434
684,706,7.1614103
685,689,12.012948
685,700,6.6350613
686,709,11.962035
687,693,11.651382
687,706,7.1416464
687,711,11.008751
687,722,11.928117
688,689,14.956608
688,702,9.737819
688,712,14.484925
688,726,12.398192
689,700,12.161772
689,712,7.8120923
690,710,14.976476
690,713,10.607966
690,731,12.80583
691,697,13.589103
693,703,7.837574
693,706,7.9212995
694,725,12.314603
694,739,14.392391
695,746,14.155512
696,711,9.04916
696,719,7.183345
696,727,13.882192
699,741,12.104255
700,712,14.185356
701,704,9.873084
701,718,6.040367
701,730,13.932486
702,726,14.997325
702,740,11.133957
702,742,14.637248
703,706,13.973816
703,707,8.024029
703,720,11.634789
704,718,7.3454695
704,730,7.9362125
705,708,13.13183
705,729,8.904324
706,711,12.857891
706,722,9.572701
706,738,10.948302
707,720,4.3166947
708,729,11.982863
709,733,8.697333
710,714,6.239065
710,731,14.03251
710,737,14.473407
710,743,10.834582
711,719,6.9559193
711,722,6.7868624
711,738,13.118515
711,747,12.698783
712,726,8.669961
713,717,14.188954
713,731,9.943348
714,737,9.201207
714,743,13.084698
716,744,11.846848
717,736,7.6228666
718,730,8.205775
719,722,11.635633
719,727,12.150606
719,747,14.144187
721,723,6.065041
722,738,6.353096
722,747,7.502236
723,727,14.994969
724,725,9.633391
724,745,11.947477
725,739,10.777895
725,745,7.121586
725,755,11.316242
726,742,7.627804
727,760,13.204709
728,732,11.110412
728,758,12.442254
730,739,13.404379
731,743,10.858
732,758,12.735071
733,736,14.993512
733,761,13.013178
734,756,12.084582
735,748,10.491921
735,762,13.444026
737,763,12.488846
738,747,5.7433534
738,754,14.474183
739,745,10.462367
739,755,9.13639
740,742,9.521323
740,752,8.766556
741,751,11.796889
745,755,5.158881
745,770,13.182942
745,774,14.59648
747,766,12.670235
748,750,9.797267
748,762,14.53983
748,776,12.220302
749,751,10.839999
749,771,11.671433
750,768,12.130519
752,762,12.410779
753,783,14.557623
754,778,10.574327
755,770,9.402538
755,774,14.0099945
756,765,8.930714
756,767,6.675761
756,780,10.829929
758,772,10.115432
759,779,11.895656
761,777,13.687722
762,776,13.285301
763,787,13.147229
764,799,14.885106
765,767,6.159638
765,779,14.018163
765,780,5.1540275
767,780,4.7365384
769,805,14.85547
770,774,9.296063
770,788,8.193777
770,797,13.744934
772,773,11.479196
772,798,11.672854
773,793,12.165982
773,798,12.962545
773,808,13.034513
774,788,7.5829372
774,791,11.948192
775,810,12.337549
777,781,8.58182
777,803,13.043519
778,790,11.913605
778,796,13.140533
778,806,11.732299
779,795,13.332902
780,807,12.876894
780,812,14.766117
782,783,10.714102
783,802,10.106209
786,800,8.3576975
788,791,12.975415
788,797,14.526986
788,813,12.712887
790,806,12.285415
790,814,13.835739
790,815,9.539589
791,796,14.358088
793,808,9.514469
793,826,14.368806
794,800,14.358441
794,809,10.018707
794,824,11.910502
794,830,14.563939
796,806,8.040797
797,813,7.6754184
798,808,7.9560876
798,822,9.426572
799,802,10.919086
801,812,7.2649355
801,835,12.296114
804,834,12.606595
805,821,6.9201055
806,815,10.965761
806,841,13.710027
807,812,10.39109
807,816,4.940224
807,837,13.051301
807,839,11.926012
808,822,10.197149
808,826,9.706351
809,814,6.5483146
809,824,13.757597
809,830,10.089381
810,831,11.489737
811,819,6.6414766
812,816,12.033048
812,835,11.349026
812,837,11.5238695
813,829,13.240472
813,842,13.001096
814,815,11.96953
814,830,9.458509
814,856,13.444579
815,841,12.91242
816,837,9.750915
816,839,7.1065984
817,840,12.323281
818,850,9.63933
818,855,11.698317
820,852,11.60819
820,854,13.5229
821,840,10.052156
822,826,11.05242
822,869,14.454205
823,843,6.9938474
824,830,8.020004
824,859,10.061548
825,849,10.110228
825,857,10.415144
826,858,10.885654
827,844,9.558321
827,866,14.763049
828,833,10.116752
828,836,11.631158
829,848,6.6184154
829,851,6.707113
830,856,13.15281
830,859,14.762018
830,876,14.787893
831,858,14.841147
832,845,12.935489
832,853,5.7992663
832,865,9.928904
834,854,12.647516
835,837,10.482678
835,857,14.690416
835,871,10.874334
836,846,13.551678
836,863,8.108317
837,839,6.480203
837,867,8.294199
837,871,14.643677
838,884,14.016028
839,867,8.298999
840,873,10.247571
841,847,4.5942473
841,864,5.822394
842,865,14.097852
843,844,14.209034
843,866,14.511698
844,866,6.2551594
845,853,11.929459
845,870,7.901323
845,872,10.55999
845,887,13.497227
846,852,8.898235
846,863,12.413435
847,864,6.0631647
848,851,5.2446856
848,874,14.020574
849,857,12.023707
849,880,10.397177
850,855,6.887287
850,875,13.068745
851,874,9.9298525
852,854,14.037434
852,882,9.179498
852,885,14.257418
853,865,6.4268813
853,870,12.489421
853,887,12.293202
854,882,14.464906
854,885,11.293257
855,875,7.8532686
855,894,13.237174
856,876,12.814576
856,886,10.394992
856,897,13.234069
857,871,13.822379
857,881,9.678386
858,889,10.825574
859,876,14.237775
861,868,8.037861
862,879,10.36824
862,883,10.552455
865,887,14.583909
866,890,12.501173
866,910,14.620384
867,871,13.888677
867,895,12.690393
869,900,14.9932165
870,872,5.7776303
870,887,6.424811
870,916,14.347318
871,881,7.8192945
872,887,10.545275
872,895,11.213039
873,901,13.920669
873,907,12.655816
873,909,11.272221
874,922,14.148461
875,894,7.612497
876,886,7.400761
876,897,12.90182
876,917,12.903756
877,888,6.7941136
877,914,14.773977
878,883,14.844535
878,889,14.296721
878,905,12.495332
879,883,13.678056
879,891,9.344805
879,911,14.13141
879,918,12.416434
880,902,9.556992
882,885,7.3303947
882,899,10.368723
882,904,14.979946
882,908,9.441164
883,905,9.818226
883,911,9.688486
884,893,5.152962
884,912,8.8152485
885,904,8.2755575
885,908,7.5804286
885,919,14.625012
886,897,5.6567397
887,916,9.271145
887,923,13.710172
888,903,11.799835
888,929,13.3484955
890,910,8.214959
891,906,10.57979
891,918,10.481766
892,896,12.070669
892,898,5.723465
892,915,14.249006
893,912,8.689882
894,920,8.24705
895,923,13.554961
896,933,12.110018
897,928,12.612098
897,937,13.293574
897,944,14.797866
898,915,8.581089
899,908,11.661626
900,904,13.759201
900,919,11.9323225
901,909,7.123593
901,936,13.194497
903,929,11.705365
903,948,13.072731
904,908,8.978935
904,919,6.376579
904,953,14.999097
905,911,10.916157
906,926,11.9519415
907,909,10.8477545
907,926,14.106639
908,919,13.428599
908,953,14.815776
909,959,14.654754
910,930,12.092068
911,918,8.103955
912,940,9.93024
912,945,13.545331
913,928,12.843251
914,932,6.5862947
914,935,10.417687
915,930,7.584225
916,923,6.7170296
916,934,6.776768
916,938,13.078685
917,931,7.22233
917,937,14.551846
917,941,9.624955
917,949,12.175796
919,953,11.910447
919,968,13.78723
922,925,12.599128
922,946,10.53808
923,934,9.287525
923,973,14.751392
924,950,11.010046
924,954,10.417099
925,943,8.82525
925,946,10.697483
926,962,12.576723
927,942,10.427245
927,958,14.629289
927,964,12.392001
928,937,12.695301
928,944,8.350494
928,970,13.676643
929,935,9.278356
929,948,12.92432
929,971,14.247516
931,941,7.57414
931,945,12.54692
931,949,5.012243
931,969,10.055186
932,935,6.9165864
932,942,13.533245
932,974,13.530326
933,956,9.43855
934,938,8.91478
934,957,14.583876
934,973,14.140488
935,974,10.949575
936,965,10.7526655
937,941,8.407819
937,944,6.0941944
937,975,11.848601
938,943,11.612844
938,957,6.813908
940,945,12.8084135
941,944,13.973069
941,949,8.894882
941,969,13.049283
942,964,13.583146
942,976,11.699627
943,946,14.163823
943,957,7.8663487
944,975,9.571118
945,949,11.101802
945,969,10.647628
945,977,9.326347
947,958,13.802212
947,960,11.353093
947,979,10.952204
947,983,10.95651
948,954,14.702534
948,971,6.538197
948,997,14.367722
949,969,5.1167173
950,954,9.135178
950,961,10.973741
950,978,9.445892
950,998,14.337628
951,962,12.150945
951,993,12.818287
952,960,9.26817
952,992,13.549028
953,968,6.306907
953,980,10.558184
953,985,14.365548
954,978,6.624556
955,965,9.490274
955,986,8.246709
956,963,10.383647
956,988,14.454946
956,1005,14.94164
957,996,11.614725
958,964,9.372643
958,979,10.493337
958,984,11.559028
960,983,10.257409
961,980,12.283675
961,998,12.234414
962,1002,12.5580635
963,990,9.590511
964,976,6.370376
964,984,4.9348183
965,986,10.87225
966,982,14.993516
966,987,7.2494335
967,973,5.778755
967,989,13.435192
967,992,11.221496
968,980,12.352051
968,985,8.083936
968,1003,11.073384
969,977,11.137733
971,997,10.344555
972,1000,11.016313
972,1001,14.587213
973,989,8.098947
974,1016,13.518923
975,1009,10.021064
976,984,6.3512053
976,1017,13.428164
977,991,10.378009
977,1006,12.972676
978,998,11.421905
979,983,9.012446
979,1011,10.651151
980,1003,12.871697
981,988,12.995854
981,994,7.3801374
981,1013,14.846553
982,990,10.050129
983,1015,14.201037
984,1017,13.230436
984,1022,14.412823
985,1003,10.155659
985,1007,14.446857
985,1010,10.440264
986,1021,13.717368
988,994,7.2600923
988,1005,13.001109
988,1012,10.573845
988,1028,13.533676
989,1019,12.517918
990,1023,13.195688
991,1006,4.62506
991,1029,13.597963
992,1014,9.841674
993,1001,10.892873
993,1002,12.716747
994,1012,14.97175
996,999,14.221074
996,1024,10.976373
998,1018,10.5339
998,1026,10.333256
999,1024,14.829877
1000,1001,14.675258
1000,1027,8.453908
1001,1049,14.977893
1002,1034,12.874773
1003,1010,14.094635
1004,1020,10.744282
1005,1012,5.9241366
1005,1028,11.380182
1006,1029,9.779542
1007,1010,6.715148
1008,1038,13.6223755
1009,1047,13.727384
1011,1022,10.197618
1011,1042,12.434887
1012,1028,5.8052545
1013,1031,7.577216
1014,1015,11.403201
1014,1032,6.9145436
1014,1037,14.349811
1015,1032,9.2855
1015,1037,6.5781016
1016,1025,14.128572
1016,1039,10.897669
1017,1022,10.889635
1017,1025,9.634112
1017,1046,11.369221
1018,1026,9.116557
1018,1035,6.300167
1018,1043,11.15565
1018,1053,14.460346
1018,1055,12.741153
1019,1033,5.6147623
1019,1041,14.292724
1020,1050,14.09025
1021,1036,11.464016
1022,1042,6.107545
1023,1040,5.2658954
1024,1030,12.826544
1024,1045,12.753996
1024,1069,14.715093
1025,1039,7.9825077
1025,1046,10.422883
1026,1035,11.568229
1026,1053,8.743997
1026,1055,14.845855
1027,1049,14.646588
1028,1051,13.554742
1029,1060,12.615961
1029,1063,14.450149
1030,1041,4.898443
1030,1045,6.2111135
1031,1054,8.004537
1032,1037,8.851338
1032,1057,9.770783
1032,1064,11.754287
1033,1056,10.238255
1033,1073,12.866528
1034,1038,14.661154
1035,1043,5.6595626
1035,1053,12.603804
1035,1055,6.694711
1035,1058,14.500362
1035,1067,11.163962
1035,1074,14.8360815
1037,1057,12.903283
1037,1064,11.322131
1037,1080,14.981118
1039,1046,13.919535
1039,1065,12.136883
1041,1045,5.0198097
1041,1069,14.148219
1041,1084,13.359133
1042,1052,11.382848
1043,1055,6.6964498
1043,1058,8.91224
1043,1067,6.9099154
1044,1068,11.292334
1045,1069,9.524902
1045,1084,12.292803
1046,1091,12.370216
1047,1070,11.252667
1047,1076,14.25482
1048,1086,12.463993
1050,1089,11.081337
1051,1059,7.958298
1051,1078,12.146721
1052,1062,5.4067717
1052,1080,12.953689
1052,1088,10.002188
1053,1055,11.330011
1053,1066,11.504005
1053,1074,7.2461243
1054,1071,13.365825
1055,1058,12.323647
1055,1067,6.806945
1055,1074,10.041065
1055,1098,14.691528
1056,1057,13.037346
1056,1073,7.2033687
1057,1064,4.659564
1058,1067,6.133871
1058,1087,11.701937
1058,1096,11.601695
1059,1102,12.7984495
1060,1063,9.527893
1060,1079,5.834358
1060,1083,6.8049035
1061,1070,7.9567013
1062,1080,7.591907
1062,1088,6.4013424
1063,1079,6.062806
1063,1083,14.19325
1063,1104,13.935236
1064,1080,11.7046995
1066,1074,13.304281
1066,1086,14.090768
1067,1096,13.078849
1068,1069,11.387644
1068,1099,14.953101
1069,1084,11.290375
1069,1103,12.31361
1070,1097,14.434872
1071,1081,8.546844
1072,1090,8.641141
1074,1098,7.9293637
1075,1081,14.415328
1076,1097,10.988706
1077,1087,13.984598
1077,1109,12.796499
1078,1112,14.591246
1079,1083,8.335814
1079,1104,12.191675
1080,1088,8.488763
1080,1105,14.815071
1082,1094,6.15057
1082,1115,14.134976
1084,1103,11.993647
1085,1089,10.862799
1086,1101,6.493736
1086,1116,13.2835
1087,1096,7.7317395
1087,1108,8.705508
1088,1105,8.885728
1090,1099,7.4599195
1091,1100,8.811754
1091,1110,11.29404
1093,1114,13.3617115
1093,1121,12.254458
1094,1114,12.670571
1094,1115,8.579569
1096,1108,8.0474825
1096,1118,9.464712
1097,1122,10.27854
1099,1113,10.665459
1099,1129,13.083736
1100,1105,14.958133
1100,1110,13.787353
1101,1111,11.442755
1101,1116,7.028232
1102,1112,14.0598955
1103,1113,14.701736
1103,1120,10.506072
1103,1128,10.800029
1103,1131,13.416408
1104,1117,14.99928
1106,1109,12.439596
1106,1126,8.484109
1106,1139,14.709587
1107,1119,11.511156
1108,1118,8.30975
1109,1136,12.968775
1110,1123,13.356275
1110,1132,8.480585
1110,1142,13.202796
1111,1116,10.07533
1111,1144,14.973658
1112,1137,10.685781
1113,1129,7.3737826
1113,1131,10.204952
1114,1115,9.205384
1114,1121,7.4170074
1114,1143,14.637347
1115,1149,14.272172
1118,1138,8.889301
1119,1130,7.8551316
1120,1128,5.220184
1120,1131,14.094795
1120,1135,11.701757
1121,1140,10.423903
1121,1143,9.536983
1122,1127,14.002727
1123,1132,11.189897
1123,1142,10.284676
1125,1135,9.757811
1125,1159,13.419648
1126,1139,7.479317
1126,1148,8.323492
1127,1145,13.83088
1128,1131,9.145525
1128,1135,14.644218
1129,1131,12.001342
1129,1150,9.619972
1130,1134,10.21212
1131,1150,12.741064
1132,1142,5.133651
1132,1160,11.716413
1133,1153,12.4425
1135,1159,12.803694
1135,1162,11.442539
1136,1139,12.236733
1137,1161,9.355092
1138,1157,10.979098
1138,1176,14.990278
1139,1148,5.9911113
1139,1164,9.277234
1140,1143,5.639905
1141,1153,8.52146
1142,1160,10.048832
1144,1147,10.58418
1145,1158,7.051901
1146,1151,14.841827
1148,1164,9.302866
1149,1154,6.161191
1149,1170,7.9292326
1149,1181,13.196304
1150,1178,12.108817
1152,1155,5.960581
1152,1160,11.976384
1152,1175,7.73212
1154,1170,6.0392237
1154,1181,10.534509
1155,1175,7.6079493
1156,1163,9.877313
1156,1171,12.457854
1156,1184,13.188986
1156,1189,12.2541275
1157,1176,13.78568
1157,1183,10.92934
1158,1168,12.812001
1159,1162,11.97659
1159,1186,14.507685
1159,1192,13.499809
1160,1179,14.865683
1160,1182,9.376372
1160,1197,13.342477
1161,1169,11.098622
1161,1191,10.694384
1161,1199,13.844238
1162,1192,11.97725
1162,1193,13.2623825
1163,1174,9.603935
1163,1189,14.557947
1167,1188,14.138434
1167,1202,13.229244
1168,1209,14.943024
1169,1191,12.764943
1169,1194,10.852547
1170,1181,5.289848
1171,1179,6.6958284
1171,1184,6.8670444
1171,1189,12.739858
1171,1213,14.6821785
1172,1190,12.54416
1172,1201,13.691532
1173,1211,13.529561
1175,1197,14.488265
1175,1200,9.765029
1176,1183,9.112303
1177,1180,12.888729
1177,1185,13.206464
1177,1223,14.951737
1179,1182,13.052521
1179,1184,9.923912
1179,1213,11.132705
1180,1206,11.455248
1181,1224,14.666029
1182,1197,4.5047574
1182,1200,10.543294
1182,1227,13.928529
1183,1204,11.130261
1184,1189,6.894071
1184,1213,11.304734
1185,1218,12.4330015
1186,1188,13.689333
1186,1212,8.406809
1186,1230,14.288949
1187,1219,9.975246
1188,1202,6.736677
1189,1228,14.519216
1191,1194,7.740519
1191,1199,5.0642276
1191,1215,7.9780025
1191,1229,12.424424
1192,1193,12.6049185
1192,1208,10.429841
1193,1208,5.901456
1193,1234,14.77097
1194,1199,11.569265
1194,1215,7.8109646
1194,1229,13.30961
1196,1203,10.102279
1196,1214,10.308773
1196,1231,12.072662
1196,1239,14.538354
1197,1200,7.1681833
1197,1221,11.229562
1197,1227,11.323701
1198,1207,5.8998795
1199,1215,7.720685
1199,1229,9.884414
1200,1221,7.075936
1201,1206,13.4343
1205,1210,10.106834
1205,1222,7.8007617
1205,1249,14.826961
1206,1242,13.322268
1208,1234,10.176046
1208,1243,13.260972
1210,1222,6.4384356
1211,1216,13.044648
1211,1237,9.971525
1212,1230,8.195704
1213,1227,12.637137
1213,1236,11.38763
1214,1231,7.5777707
1214,1232,13.346042
1214,1233,7.3581634
1214,1239,13.423808
1215,1229,5.559511
1216,1237,12.071311
1217,1219,10.802583
1217,1226,8.077747
1218,1223,12.529966
1218,1245,12.031175
1221,1227,14.216928
1221,1235,11.716923
1221,1253,10.558352
1222,1249,9.515867
1225,1228,8.481687
1225,1238,6.3515725
1226,1248,10.15197
1227,1253,14.792292
1228,1238,13.457727
1229,1247,11.226293
1229,1258,10.928572
1230,1241,9.682822
1230,1256,14.789413
1231,1233,6.2001395
1231,1239,6.0634327
1232,1233,9.543089
1233,1239,11.409333
1234,1243,5.142283
1235,1253,12.545639
1237,1246,14.411949
1237,1271,13.898203
1238,1261,11.7090225
1238,1279,14.638208
1240,1262,10.208603
1241,1252,8.253142
1241,1256,6.4823
1242,1281,14.485419
1245,1265,12.704669
1246,1257,13.454693
1246,1273,11.504185
1247,1258,10.101203
1247,1259,6.689779
1247,1287,14.157669
1248,1274,11.413906
1249,1283,14.024675
1250,1251,10.3612795
1250,1255,10.315637
1251,1257,8.836379
1252,1256,6.5978165
1253,1269,13.653123
1254,1264,6.549131
1254,1291,14.63612
1255,1294,14.475535
1258,1259,14.42919
1258,1280,7.3731976
1258,1287,13.103395
1259,1287,11.596692
1260,1267,10.782684
1260,1274,14.058717
1260,1278,6.241669
1261,1270,10.8208475
1261,1279,9.069641
1263,1293,10.237383
1264,1270,12.398824
1264,1291,8.092918
1265,1290,7.7828374
1266,1288,7.0524316
1266,1295,12.828739
1266,1299,14.272082
1266,1312,13.971449
1267,1278,9.765639
1267,1282,12.396797
1267,1304,12.41538
1267,1305,14.265508
1268,1286,10.391835
1268,1298,9.512206
1269,1272,10.903175
1269,1306,13.075408
1270,1291,13.665552
1272,1300,9.236104
1272,1306,10.58822
1273,1309,12.451079
1274,1275,14.516767
1274,1278,13.037641
1276,1315,14.9249525
1277,1288,11.431822
1277,1295,8.589272
1277,1307,10.440307
1278,1305,9.093924
1279,1286,8.354812
1280,1287,9.830508
1282,1304,10.817504
1283,1308,13.148347
1284,1285,5.502525
1284,1310,9.998356
1285,1310,10.92267
1286,1298,14.1018305
1287,1299,12.944011
1287,1314,12.428777
1288,1295,5.8603983
1288,1312,11.538191
1290,1308,11.902245
1291,1313,10.402703
1292,1301,8.121071
1292,1327,13.862296
1292,1329,14.82317
1293,1317,10.5077305
1293,1319,12.234149
1294,1318,13.600148
1294,1325,9.98815
1294,1333,14.780712
1295,1307,9.775073
1295,1312,13.716796
1295,1320,10.632314
1296,1303,9.304372
1296,1311,5.234501
1298,1316,8.19057
1298,1328,12.469748
1298,1332,14.57176
1298,1336,13.657949
1299,1312,10.063285
1299,1314,9.14481
1300,1306,5.6442914
1300,1316,14.343322
1300,1324,9.187277
1300,1332,14.177701
1301,1327,10.002681
1301,1329,14.877166
1301,1334,12.067491
1302,1338,13.927026
1303,1311,10.1673765
1303,1326,10.421576
1304,1305,14.677535
1304,1331,10.381388
1305,1331,14.248751
1306,1324,11.425397
1307,1320,7.7141204
1307,1330,9.657734
1307,1340,13.93861
1309,1339,11.15963
1313,1347,10.55842
1314,1352,13.463239
1314,1357,14.630695
1315,1346,10.344133
1315,1356,14.259584
1316,1324,10.174647
1316,1328,9.089963
1316,1332,6.6135745
1316,1336,6.5404625
1316,1353,11.437694
1317,1319,10.543227
1318,1325,10.627161
1318,1333,6.6362967
1318,1343,8.499803
1320,1330,5.340624
1320,1340,6.2599196
1321,1335,12.555488
1323,1325,14.658209
1323,1348,8.291203
1324,1332,6.149397
1324,1336,13.045359
1324,1350,11.221143
1324,1353,10.832059
1325,1333,6.986278
1325,1348,12.996612
1325,1362,14.198523
1327,1329,7.263174
1327,1334,9.377758
1327,1351,13.558037
1327,1354,8.312553
1328,1332,12.804908
1328,1336,6.2541966
1328,1353,13.844704
1328,1366,14.595378
1329,1341,12.84507
1329,1351,8.052634
1329,1354,11.1463375
1329,1367,13.862037
1330,1340,7.346691
1332,1336,7.0437474
1332,1350,14.003087
1332,1353,6.050057
1333,1343,9.961177
1333,1362,9.656329
1334,1337,11.686673
1334,1354,10.653557
1336,1353,7.7368712
1336,1366,11.764986
1337,1347,12.231763
1337,1376,13.0903425
1338,1339,14.818763
1339,1359,11.696368
1339,1378,13.693632
1340,1364,12.952741
1341,1351,8.654031
1341,1367,13.144231
1341,1368,9.108391
1342,1365,14.577073
1343,1362,13.101979
1345,1369,14.866567
1346,1356,7.8734555
1346,1360,8.696542
1349,1381,11.102007
1350,1353,13.643259
1350,1375,9.094358
1350,1380,11.774939
1351,1354,12.102524
1351,1367,6.623804
1351,1368,10.522524
1352,1357,8.417694
1352,1386,12.395666
1353,1366,10.270831
1353,1375,14.865899
1354,1367,12.529395
1354,1374,8.148874
1354,1389,14.069305
1355,1356,9.084919
1355,1385,12.127326
1356,1360,14.21568
1356,1385,12.8213005
1357,1383,9.464272
1357,1386,11.970148
1358,1370,9.9831
1358,1388,10.099257
1358,1390,13.207828
1359,1378,13.435003
1361,1396,14.257369
1363,1397,12.917589
1364,1387,9.072897
1365,1368,12.512568
1365,1407,13.313986
1366,1391,10.944703
1367,1368,9.48886
1367,1374,12.802735
1367,1393,9.144035
1367,1403,13.474302
1368,1393,11.67882
1369,1382,13.7619915
1370,1388,9.517943
1371,1377,7.273728
1371,1392,9.093734
1371,1401,14.650609
1371,1408,13.44557
1373,1379,12.239081
1373,1382,9.504691
1373,1400,12.279385
1373,1406,12.886739
1374,1376,14.547122
1374,1389,6.818405
1374,1395,7.7995667
1374,1403,12.234713
1375,1380,8.529149
1376,1389,10.264507
1376,1413,14.883441
1377,1392,13.732193
1377,1408,14.762483
1377,1414,14.122671
1378,1405,9.068163
1379,1406,9.764733
1381,1383,9.395509
1382,1400,7.7158246
1383,1386,11.26866
1384,1404,10.140167
1384,1415,11.910923
1388,1390,8.852902
1388,1425,14.4053135
1389,1395,5.830011
1389,1403,13.53791
1389,1420,14.207824
1390,1391,6.213299
1390,1410,13.937007
1391,1410,9.127712
1392,1401,5.6650157
1392,1408,6.9292865
1392,1414,13.458442
1392,1419,12.356292
1393,1403,8.617501
1393,1417,8.48697
1394,1418,11.317143
1394,1422,12.091269
1394,1426,12.159189
1395,1403,7.90731
1395,1420,9.093079
1398,1428,13.356888
1399,1435,13.478946
1400,1406,14.39157
1400,1409,13.299336
1400,1411,8.656833
1401,1407,11.797946
1401,1408,8.224327
1401,1419,7.0347557
1403,1417,8.367729
1403,1420,8.0902405
1403,1427,10.523988
1404,1415,3.9389822
1405,1423,8.094212
1406,1411,9.462633
1407,1419,11.22075
1408,1414,7.481207
1408,1419,11.441516
1409,1424,5.6549034
1410,1421,6.9445834
1410,1436,14.573661
1411,1439,7.829766
1412,1429,5.5768013
1412,1435,14.027365
1412,1442,11.039703
1413,1422,8.287097
1413,1426,14.229825
1414,1428,14.584867
1414,1434,9.120107
1414,1450,14.308627
1417,1420,11.703778
1417,1427,7.312051
1417,1431,9.058969
1417,1448,13.323394
1418,1422,12.15649
1418,1426,6.880426
1418,1430,14.858239
1418,1446,14.127619
1420,1427,7.7403865
1420,1441,9.634736
1421,1436,7.719106
1421,1455,14.167735
1422,1426,5.995726
1422,1446,9.331339
1422,1449,11.886696
1423,1440,9.117857
1423,1444,10.584377
1424,1454,12.386554
1425,1430,7.6428733
1426,1446,8.229738
1426,1449,13.5114355
1427,1431,11.401397
1427,1441,11.329301
1427,1448,9.58213
1428,1434,7.99954
1428,1437,6.379901
1428,1452,13.237423
1429,1435,13.30195
1429,1442,5.586526
1431,1448,9.141258
1431,1463,12.964581
1432,1438,9.1163435
1434,1437,13.550521
1434,1450,10.225331
1434,1461,11.198439
1436,1455,8.261824
1436,1462,14.336591
1436,1465,13.357215
1437,1445,14.564627
1437,1452,7.425232
1437,1478,14.604665
1440,1444,13.429691
1441,1466,9.417304
1442,1456,14.830417
1443,1469,14.370732
1443,1484,13.812967
1445,1452,11.506342
1445,1471,10.047585
1446,1449,6.3032203
1446,1457,12.103687
1446,1474,10.770853
1447,1460,7.3194923
1448,1463,12.251571
1448,1489,13.040035
1449,1457,5.804562
1449,1474,7.9503884
1449,1491,14.721415
1450,1461,6.8468614
1452,1471,12.87881
1452,1478,8.235631
1452,1498,14.465083
1453,1464,5.669763
1453,1479,13.682802
1453,1503,14.625365
1454,1458,11.824064
1454,1472,13.209141
1454,1475,11.536711
1454,1481,8.422081
1454,1493,14.734271
1455,1459,14.764792
1455,1462,11.5630245
1455,1465,6.4021072
1455,1482,12.196448
1457,1474,9.467949
1457,1488,13.149946
1457,1491,10.747273
1458,1475,6.3575234
1458,1481,14.522337
1459,1465,9.518533
1459,1482,8.841949
1460,1473,14.457759
1460,1496,9.652823
1461,1483,9.822674
1461,1495,9.782384
1463,1468,5.2434535
1463,1489,14.097707
1463,1500,12.060804
1463,1507,14.225836
1464,1503,11.758539
1465,1482,5.984255
1466,1488,9.983372
1466,1497,8.526626
1466,1513,14.420264
1466,1516,14.179646
1467,1511,12.488836
1468,1500,12.971618
1468,1507,12.248261
1469,1471,12.056416
1469,1484,7.3529444
1469,1514,13.13867
1470,1477,14.5865
1470,1485,6.6938357
1471,1478,13.48404
1471,1498,9.389148
1471,1517,13.871476
1472,1481,10.799486
1472,1493,5.577406
1472,1506,14.253292
1473,1496,14.339804
1473,1506,11.877548
1473,1522,14.560784
1474,1491,11.051665
1475,1481,10.122732
1475,1521,13.370336
1476,1502,6.8103194
1476,1509,11.879271
1477,1480,5.254958
1477,1486,10.706778
1478,1483,9.879111
1478,1498,9.210483
1478,1524,13.043559
1479,1503,12.964375
1479,1520,13.4096155
1480,1486,5.45713
1480,1527,13.641576
1481,1493,8.866949
1481,1521,12.31745
1483,1495,7.0200315
1484,1512,14.245462
1484,1514,11.45751
1484,1518,11.985876
1486,1527,13.1994
1487,1501,8.945548
1487,1508,6.9196577
1487,1512,9.525062
1488,1491,6.4090495
1488,1497,8.329057
1488,1513,7.250187
1488,1516,11.334512
1489,1497,13.342228
1489,1500,8.487083
1489,1510,6.450612
1489,1516,14.7977295
1489,1528,13.635899
1491,1497,14.597634
1491,1513,10.920117
1492,1499,6.992117
1493,1506,13.213446
1493,1533,13.512224
1494,1496,14.02427
1494,1523,10.447734
1494,1531,11.416071
1496,1522,10.419529
1497,1510,12.402463
1497,1513,7.61572
1497,1516,5.653221
1498,1517,9.2533245
1498,1524,9.24767
1499,1525,10.16974
1500,1507,7.166585
1500,1510,9.802866
1500,1528,7.8674664
1500,1535,14.640049
1501,1508,5.1774487
1502,1509,7.1173787
1503,1520,13.179392
1503,1540,13.220809
1504,1519,9.003077
1505,1515,8.56252
1505,1530,7.1945815
1505,1534,12.405796
1505,1537,13.293408
1505,1547,13.628932
1506,1522,13.300526
1506,1529,6.3189774
1506,1533,13.397012
1506,1538,10.362782
1506,1546,12.9125
1507,1528,8.694959
1507,1535,8.832733
1508,1512,10.6253805
1509,1543,14.26075
1510,1516,11.217936
1510,1528,10.554209
1511,1544,11.634623
1512,1518,6.64199
1513,1516,6.1641836
1513,1545,11.137687
1514,1517,12.351006
1514,1518,10.804337
1515,1530,6.858916
1515,1534,5.64363
1515,1547,14.0406065
1516,1545,12.367277
1517,1524,12.014136
1519,1561,14.029201
1520,1540,13.0618725
1521,1536,11.983023
1522,1529,14.16262
1522,1538,11.084238
1523,1531,8.50668
1523,1559,14.125904
1524,1551,11.527171
1525,1539,10.559671
1525,1563,14.926782
1527,1539,9.041847
1528,1535,10.502426
1528,1560,12.062178
1529,1533,9.652623
1529,1538,5.851475
1529,1546,6.595668
1529,1555,11.693191
1529,1558,13.200357
1530,1534,6.8867826
1530,1537,11.767495
1530,1547,7.6310377
1531,1556,11.829111
1531,1572,14.091719
1532,1537,13.149685
1533,1538,14.194011
1533,1546,9.165538
1533,1558,8.332709
1534,1547,11.360568
1534,1559,14.411642
1534,1574,13.848417
1535,1560,11.109328
1535,1568,11.101802
1536,1544,12.53174
1537,1547,8.775187
1538,1546,6.753293
1538,1555,6.9060106
1538,1558,14.619452
1539,1563,8.3603735
1539,1571,12.2959795
1541,1550,7.40668
1542,1543,5.7786784
1542,1580,14.004944
1543,1580,12.970178
1544,1554,13.009326
1546,1555,7.8421683
1546,1558,7.8727317
1547,1585,12.730086
1548,1557,7.99943
1548,1577,13.64181
1548,1581,9.797053
1549,1561,12.6412945
1549,1591,14.4334345
1551,1557,8.293258
1552,1575,8.116685
1553,1570,13.879988
1553,1586,9.473483
1554,1575,13.419048
1555,1558,13.655509
1556,1572,8.487553
1556,1573,7.424349
1556,1587,9.203678
1557,1581,11.575937
1558,1584,11.889666
1559,1572,10.840089
1559,1574,10.047432
1560,1568,8.532264
1561,1565,6.8179183
1561,1589,14.627095
1561,1591,13.121066
1562,1564,7.7430663
1562,1594,13.040951
1563,1571,10.261464
1564,1578,8.001214
1565,1570,11.116045
1565,1589,8.953141
1565,1598,12.450415
1566,1592,9.635049
1567,1590,7.825603
1568,1576,12.979558
1568,1597,13.269705
1569,1576,10.62588
1569,1577,6.067636
1569,1581,12.668054
1569,1600,12.386056
1570,1586,11.65796
1570,1589,8.107193
1570,1604,11.932189
1572,1573,13.179258
1572,1587,8.95164
1573,1587,7.340757
1574,1585,8.308633
1576,1577,15.0
1576,1597,9.323229
1577,1581,7.286196
1577,1600,9.091288
1577,1603,10.678966
1578,1582,8.549637
1578,1602,9.798321
1579,1584,13.259983
1579,1596,14.409096
1580,1588,10.114147
1581,1600,13.384372
1581,1603,9.744341
1582,1601,10.513432
1582,1602,10.147398
1584,1596,5.0474715
1586,1604,12.8272505
1587,1608,10.450856
1589,1598,7.4172416
1589,1604,9.385459
1591,1606,13.576864
1591,1614,12.600926
1592,1610,13.346956
1598,1604,12.416903
1598,1614,11.776102
1599,1611,8.260939
1600,1603,7.979013
1601,1602,12.136518
1601,1616,14.680891
1601,1618,13.094479
1602,1616,6.718284
1605,1615,6.585826
1610,1613,6.5647874
9,1,11.230325
26,1,6.9407663
8,2,4.4424505
23,2,6.847558
41,2,12.826139
5,4,6.675926
6,4,14.773829
18,4,12.492636
19,4,7.4000506
6,5,8.178267
18,5,6.170333
19,5,13.099835
18,6,5.1455398
28,6,10.949168
20,7,12.17831
25,7,7.754418
29,7,7.06411
47,7,12.806566
23,8,4.3020754
27,8,12.910892
41,8,12.4395
26,9,9.255742
39,9,9.073545
15,10,13.2461815
35,10,10.274699
32,11,10.445917
25,12,10.548882
30,12,14.804061
20,13,11.188872
49,13,13.58643
44,14,12.096742
43,15,8.756682
28,18,12.404085
29,20,8.5393
47,20,13.023632
35,21,13.5028715
38,22,6.121716
63,22,14.606053
27,23,12.797186
41,23,8.461652
50,23,11.5290785
29,25,9.878534
47,25,11.703238
39,26,8.772755
55,26,10.965144
65,27,12.817838
33,28,9.507727
47,29,6.585201
45,30,5.1417456
61,30,11.632065
46,31,7.7345123
51,32,8.557971
73,32,14.633001
37,34,5.492721
40,36,13.232098
48,36,9.496561
56,36,14.18473
60,36,9.628515
45,37,13.640236
63,38,8.593926
55,39,9.627646
69,39,12.524684
56,40,8.164964
60,40,11.768959
50,41,8.479006
66,41,9.183828
68,42,14.234106
69,42,11.201913
76,42,12.268886
59,43,9.242249
61,45,9.952475
77,46,13.156334
60,48,12.020477
65,50,8.3231325
66,50,11.987609
73,51,8.278666
78,52,12.8783245
70,54,5.253587
72,54,10.993531
87,55,13.593964
60,56,6.820123
94,57,14.964325
79,58,10.669431
84,58,10.224489
86,59,11.411867
92,63,13.283891
95,66,12.764581
68,67,14.05064
83,67,9.372417
76,68,12.845694
76,69,7.5708027
87,69,14.384339
98,69,12.219657
101,69,13.0988455
72,70,13.296462
88,73,7.65296
93,73,13.605963
82,75,9.971747
98,76,11.6433935
101,76,8.113041
99,77,12.996377
80,78,11.070626
84,79,5.796652
96,79,11.7803335
103,80,10.036772
89,81,7.667299
90,83,11.205292
110,83,13.377742
116,86,11.94714
120,86,14.610946
98,87,9.731836
93,88,9.432309
117,88,11.356282
105,90,5.526444
110,90,8.2853775
93,91,12.70576
108,91,10.395803
121,94,14.1204605
112,95,8.319378
111,96,7.7364507
109,97,5.9931965
101,98,7.180975
115,98,9.271494
107,99,8.500826
111,100,14.04999
132,100,14.167779
115,101,11.581254
127,102,13.554725
118,103,13.539267
122,103,10.814012
110,105,5.618442
129,105,11.655601
118,108,8.072702
130,108,14.107878
117,109,10.997537
129,110,11.887773
135,111,11.093495
116,114,7.2792253
120,114,14.810477
131,115,9.510173
120,116,7.7484837
130,118,14.605461
139,118,14.738422
154,118,13.485291
156,118,14.491976
134,119,12.154511
140,119,14.885879
148,120,11.33596
133,121,11.858812
137,121,10.253602
139,122,8.156359
155,122,14.7483835
124,123,12.590485
155,123,14.878102
136,125,9.623831
134,126,9.924309
159,126,14.259996
133,127,8.971529
149,127,9.4973755
152,127,14.238203
146,129,14.67689
150,130,10.915479
143,131,10.350681
157,132,10.151954
149,133,12.092969
152,133,7.6346393
159,134,9.513603
160,135,9.4010515
140,136,11.503301
158,136,9.954059
167,136,12.98398
171,138,13.786965
154,139,10.060156
155,139,12.20303
165,139,9.852007
158,140,8.150245
145,141,11.3653755
161,141,11.534535
145,142,14.607072
170,142,13.375372
163,143,9.662011
166,143,6.2628036
169,144,10.578325
176,145,12.403937
180,146,13.312851
162,148,4.9659185
152,149,11.48241
154,150,11.268337
156,150,6.2213936
168,151,7.8549705
177,151,14.879112
169,153,13.216214
174,153,14.962648
182,153,12.600579
156,154,5.248095
165,154,12.182229
165,155,10.156418
178,157,9.547389
167,158,7.748922
172,159,12.130149
179,161,10.231844
164,162,13.514293
166,163,11.252183
177,168,7.5215816
188,168,9.437688
182,169,14.763444
173,170,11.036822
193,172,14.864899
194,172,13.3742695
182,174,10.439062
196,174,14.883435
197,175,13.511188
192,176,14.734902
187,177,11.678332
188,177,7.6484437
200,179,13.617068
187,180,10.648534
196,182,10.223103
186,183,8.491754
186,184,13.816971
201,184,12.639291
208,185,13.23877
201,186,10.06217
220,187,13.5709305
198,190,11.425468
214,190,13.587929
200,192,10.974901
216,193,11.015929
207,194,12.716595
219,194,11.48713
221,195,10.619601
234,196,12.693106
215,197,13.148896
214,198,10.955028
225,199,9.646681
211,200,9.203377
222,201,14.143429
228,201,11.241624
211,202,13.644828
232,202,9.644348
210,204,12.081356
240,204,13.058795
226,205,12.423286
218,206,10.848825
223,206,8.49613
219,207,6.9022446
230,207,8.460018
235,207,12.675329
224,208,10.771066
216,209,9.741741
233,209,9.07177
226,212,8.514365
237,212,14.580014
218,213,8.312159
243,213,13.448415
246,213,12.468258
236,214,7.6611347
241,215,10.487202
247,215,14.094314
229,216,12.667598
233,216,6.0947504
227,217,9.430353
246,218,11.893465
229,219,13.39817
230,219,8.406448
235,220,14.106045
239,221,10.252117
228,222,13.261873
253,223,14.719634
255,224,12.456949
234,225,13.376809
245,225,13.3581295
252,227,9.0395975
257,228,13.676258
235,230,6.9292893
242,234,12.476625
245,234,8.591697
261,234,13.222332
258,237,13.737991
260,238,8.166136
263,239,11.447794
265,240,11.882682
244,241,12.105551
247,241,9.811768
259,241,14.896694
245,242,14.799881
261,242,11.846427
268,242,10.166973
246,243,10.798884
254,243,11.612351
256,243,6.998774
274,243,14.411149
259,244,6.1563783
261,245,7.537473
268,245,14.709094
270,246,11.626997
251,247,13.59642
277,247,14.555387
269,248,12.342094
273,248,12.214192
258,249,5.024261
267,249,9.889465
279,253,13.74373
256,254,6.932101
262,255,14.983937
274,256,9.828695
286,256,14.3768
288,257,14.07753
267,258,11.179301
276,259,14.27454
290,259,13.750603
278,260,10.726646
268,261,7.5177603
297,261,14.5078945
272,263,13.424019
287,263,10.612696
272,264,13.383948
275,264,11.591885
292,264,11.383074
266,265,10.987129
294,266,10.672725
293,267,11.658817
284,268,8.734754
297,268,13.854216
308,268,14.934816
273,269,5.6382456
285,269,14.173635
274,270,10.693877
286,270,9.388642
303,270,12.239686
300,271,14.929263
306,271,12.034347
287,272,10.581459
292,272,13.382848
285,273,8.537179
286,274,4.595103
303,274,13.194925
292,275,13.170848
318,275,14.59647
277,276,7.659819
290,276,12.107095
304,277,11.785609
324,277,14.637789
322,278,14.765638
282,279,11.038042
296,279,14.704402
310,279,9.987886
295,280,12.090954
295,281,7.54393
301,282,10.5057
320,282,11.394023
291,283,14.070521
297,284,14.201402
308,284,10.823779
294,285,13.984193
305,285,8.274021
303,286,8.600262
300,288,14.346183
316,288,10.829177
319,289,8.982976
314,290,7.5363393
338,291,14.123009
318,292,14.015454
329,293,10.517959
330,293,12.408669
305,294,9.176387
307,294,11.993213
332,295,13.770155
310,296,10.795274
311,296,14.376259
308,297,7.122502
341,297,13.289073
299,298,11.523167
311,298,5.458564
317,298,8.949758
344,298,14.007882
317,299,6.986629
323,299,14.250622
306,300,13.035918
320,301,8.841458
325,302,12.72841
315,304,14.540243
324,304,8.485181
327,304,10.021276
336,304,8.949252
307,306,14.150026
331,306,9.472772
342,306,11.58088
331,307,11.473909
341,308,9.476288
315,309,13.029014
321,309,5.164308
340,309,11.857094
317,311,11.212247
344,311,12.398408
318,312,9.898767
328,312,11.512805
334,312,8.520522
346,314,12.866387
321,315,8.395724
327,315,6.9241114
336,315,12.783893
340,315,8.318687
343,316,10.945771
345,316,10.1460905
344,317,8.802378
334,318,12.362751
327,321,14.75268
340,321,7.129291
347,322,9.092278
353,322,12.121178
333,323,7.033534
350,323,10.551116
327,324,14.304131
336,324,9.438586
346,324,12.198688
351,324,10.79365
336,327,5.860034
340,327,11.547073
358,327,12.3
334,328,9.782709
354,328,12.268192
330,329,5.5679793
333,329,10.420681
339,330,12.607135
342,331,9.120932
356,331,11.975874
348,332,10.370957
350,333,12.218698
339,335,8.191477
348,335,11.43666
369,335,13.888701
351,336,13.949037
358,336,12.419743
358,340,11.5428095
361,340,13.48982
354,341,14.586884
357,341,9.14792
355,342,9.843548
364,342,11.532114
345,343,11.113445
355,343,13.855672
365,343,12.221099
372,343,13.4520445
362,344,14.1385
372,345,13.020774
351,346,8.334491
353,347,9.80732
367,347,13.4589
375,347,11.446666
369,348,11.93254
356,349,14.874673
371,349,12.437842
373,350,8.963613
381,351,12.402904
362,352,6.7725043
375,353,13.705895
385,354,12.411507
364,355,13.005173
365,355,9.146404
364,356,13.470902
384,357,11.733471
379,358,11.212553
360,359,13.521595
392,359,13.6230135
382,363,13.867391
372,365,10.841612
400,365,13.262022
374,366,7.8677464
386,366,9.535601
396,366,11.08513
375,367,8.402739
406,367,14.247567
402,369,13.79835
376,370,4.9883766
391,370,13.9683075
378,371,14.918608
389,372,11.959862
374,373,9.187797
388,373,7.610855
410,373,14.9681835
388,374,11.352005
396,374,11.526316
399,375,12.748414
406,375,12.671048
391,376,9.662551
409,377,13.084396
384,378,12.655221
381,379,9.295817
387,379,6.2332335
397,379,14.425912
405,379,11.448345
395,380,8.637188
387,381,5.016989
395,381,14.92219
397,381,6.3725867
390,382,5.5514517
414,382,14.30119
407,383,10.380279
398,384,12.154869
398,385,9.333575
396,386,8.604326
413,386,11.549753
397,387,8.409096
405,387,10.40142
410,388,7.5564256
416,388,12.9193
414,390,13.600179
415,390,14.630423
419,391,11.461153
411,392,8.120557
403,393,7.1503577
408,394,10.019777
397,395,10.633649
417,395,10.490318
413,396,7.2266536
406,399,12.14758
402,401,11.171872
412,404,11.094744
426,404,10.403242
427,404,11.17927
418,405,14.797429
428,406,13.194554
429,407,9.749626
409,408,8.860517
434,408,10.986875
416,410,6.641245
430,411,11.772971
425,412,10.422329
426,412,8.970945
432,413,8.835694
418,415,8.150064
435,415,11.892569
427,416,11.979453
436,416,10.302914
449,418,12.484104
433,419,8.556069
429,420,12.006883
441,422,13.761552
452,422,11.108872
425,424,13.777619
430,424,10.400932
443,424,9.961714
447,424,9.816352
426,425,14.388901
447,425,14.281844
427,426,10.611127
436,427,8.6206875
457,428,13.295086
442,430,13.182356
443,430,6.693163
447,430,13.8568325
459,430,14.195935
448,432,7.090053
453,432,8.604588
465,433,13.794021
437,434,8.314484
467,434,14.361755
456,436,14.322856
468,436,13.091441
439,438,7.185404
463,438,11.014388
463,439,11.427972
469,439,12.348606
454,440,7.4178185
466,440,11.393578
473,440,14.685004
452,441,14.5610695
447,443,8.073867
458,443,11.487186
459,443,7.771784
451,444,5.867535
470,444,13.205778
458,447,5.9873114
459,447,8.262834
453,448,7.6963286
461,450,7.036848
474,450,10.383967
470,451,14.310586
481,451,12.414205
478,452,14.468473
466,454,6.9055014
464,455,8.044535
485,455,14.55775
468,456,10.53655
459,458,6.557891
484,460,12.807513
494,460,14.521983
474,461,5.9600115
490,461,12.953885
468,462,14.847862
469,463,11.397336
485,464,14.976378
497,464,13.837324
471,465,14.290209
473,466,11.613671
489,466,10.628906
488,468,10.435737
477,469,9.622645
476,470,10.290843
481,470,12.847203
483,471,6.8852196
484,472,11.5194435
474,473,10.42074
489,473,12.798795
490,474,14.124168
482,477,11.708129
493,478,11.371102
499,479,8.685278
494,480,14.752107
498,480,8.278786
503,481,13.824549
506,482,11.029661
510,482,10.158187
511,483,10.1963625
494,484,8.730106
514,484,12.125057
524,484,14.948222
492,485,9.930319
497,485,11.155213
502,485,8.85979
507,485,8.711824
496,487,14.028845
521,487,14.063197
522,488,12.578616
500,490,7.7081437
504,490,12.37008
501,491,11.164845
507,492,9.487753
508,493,8.437799
519,493,10.190385
498,494,9.6231785
514,494,14.254536
524,494,11.387983
527,494,14.8776045
531,495,14.726315
499,496,11.868773
521,496,14.691993
502,497,6.052385
507,497,13.215585
515,497,8.343173
520,497,10.783913
527,498,13.468705
526,499,10.20661
533,500,13.4697
532,501,12.647889
507,502,7.383962
515,502,9.785798
520,502,7.138458
537,502,14.096188
510,506,6.1590576
516,506,7.6055765
520,507,10.404179
539,507,13.320081
519,508,6.949177
512,509,7.6009364
516,510,13.298212
548,510,14.816132
518,511,11.396966
516,513,11.913541
534,513,11.477454
547,513,13.415425
524,514,8.618132
530,514,5.7756743
536,514,9.181368
520,515,7.7183924
537,515,9.43839
551,515,13.6703825
545,516,11.898566
523,517,7.1582036
554,519,12.185489
537,520,7.1541495
539,520,14.198479
551,520,13.794177
528,522,11.115234
534,522,9.274163
547,522,14.717261
560,523,14.780415
527,524,8.27132
530,524,8.359924
536,524,14.033596
543,524,8.582786
544,526,7.3030634
556,526,13.854794
535,527,9.907961
543,527,6.746513
564,528,12.48518
536,530,5.6740375
543,530,11.583004
546,532,5.0626044
549,532,8.302668
566,532,12.427557
552,533,14.190028
563,533,11.597824
547,534,5.521475
543,535,14.662725
562,536,14.216454
551,537,6.7178864
568,537,11.134466
559,538,10.134466
558,539,11.517686
561,539,8.290873
548,542,8.369447
557,542,5.832735
574,543,13.155736
556,544,7.9442015
548,545,10.770329
549,546,7.258718
565,546,11.945882
566,546,8.102501
578,546,11.676788
572,547,10.307764
575,547,13.190363
557,548,11.49497
550,549,14.07783
555,549,8.305593
566,549,7.4467945
570,549,14.614104
578,549,14.4128895
581,549,11.808808
555,550,5.778832
562,550,4.8885283
570,550,6.5037856
581,550,14.721348
565,551,9.26675
568,551,7.525047
585,552,11.280147
554,553,9.916448
589,553,14.602079
586,554,11.597645
589,554,14.548528
562,555,10.096597
566,555,13.091669
570,555,7.8693614
581,555,11.508837
560,557,14.540671
590,557,14.12381
561,558,5.865834
594,558,12.207961
580,560,8.510932
593,560,10.598171
594,561,12.42646
570,562,6.0904098
566,565,13.588551
568,565,11.700341
578,565,8.913229
606,565,14.966494
578,566,7.363284
581,566,8.411213
598,566,11.398628
587,567,7.9336877
597,567,12.05066
609,567,14.1266985
573,569,11.461463
596,569,10.986082
581,570,9.93892
601,570,13.967606
591,571,9.867026
575,572,9.884493
605,572,14.039647
582,573,10.216195
603,573,11.21851
583,574,12.708148
592,574,8.584475
610,574,12.452177
605,575,10.836137
591,577,12.326604
581,578,12.977186
598,578,10.047472
606,578,11.264375
624,578,14.921078
619,579,13.60835
593,580,6.508226
598,581,8.833948
601,581,8.286435
617,581,14.573375
603,582,9.909235
621,583,13.478697
607,584,11.021385
612,584,10.631765
611,585,10.342533
589,586,7.3999224
597,587,11.305392
609,587,8.250377
600,590,11.670302
610,592,9.451175
623,593,11.015255
596,594,9.927122
602,594,10.037306
629,594,13.706323
604,597,8.534487
609,597,8.182722
601,598,7.8967986
606,598,12.553274
617,598,6.7308326
622,598,14.413679
624,598,8.8088045
613,600,8.563203
628,600,9.7599325
614,601,14.111645
617,601,9.388759
622,601,7.4786677
624,601,13.6889515
641,601,13.203572
608,602,9.981235
629,602,12.46865
634,602,11.009692
642,603,12.829883
620,605,10.084683
617,606,12.772562
624,606,9.012459
631,606,12.715374
612,607,5.584156
626,607,8.228688
627,607,14.214864
633,607,9.520631
618,608,7.6540885
634,608,11.642982
636,610,13.017554
643,610,10.651146
616,611,10.352675
645,611,13.547924
626,612,11.477616
627,612,8.810536
633,612,7.681736
652,612,14.155034
620,613,9.142919
628,613,11.992876
657,613,14.804796
622,614,8.714289
630,614,5.41684
625,615,7.273958
637,615,6.4929338
645,615,10.480363
650,616,11.012251
622,617,12.447082
624,617,4.5540285
641,617,9.124213
631,618,8.602325
634,618,14.763236
651,618,13.99202
656,620,12.709155
636,621,7.9003205
630,622,10.593631
641,622,10.259142
641,624,11.64648
637,625,8.086399
645,625,14.554802
633,626,8.5651
638,626,10.557887
652,626,10.35392
633,627,9.631484
652,627,14.342495
635,628,10.26621
657,628,12.492467
668,628,13.414037
634,629,11.407475
644,629,12.104433
648,629,8.407181
661,629,11.732914
669,629,12.638842
651,631,6.0006166
638,632,12.031883
652,633,6.484194
681,633,14.329993
661,634,10.589979
643,636,9.526608
645,637,6.591063
646,640,11.998463
660,641,6.752057
672,641,14.866069
674,641,11.359718
649,642,10.650597
653,642,13.585942
663,642,9.626449
667,642,8.432124
670,642,11.694893
683,642,13.159297
658,643,9.012537
648,644,4.8793902
653,644,8.577003
666,644,7.524806
669,644,13.368378
677,647,11.162572
653,648,12.940709
661,648,12.669521
666,648,9.280791
669,648,9.275729
654,649,13.499147
663,649,5.4625626
667,649,10.791377
671,649,7.1640897
683,649,12.1712475
676,650,14.360714
685,650,13.125224
672,651,14.608602
680,652,13.780605
681,652,9.472504
666,653,7.1726694
667,653,14.308494
670,653,7.3294125
671,654,11.396079
675,654,13.33995
679,654,9.541435
691,654,14.08443
657,656,13.753697
662,656,11.573796
678,656,7.339735
668,657,5.739764
678,657,11.630172
672,660,11.630002
674,660,5.4801126
684,660,9.144692
687,660,13.759403
693,660,11.714936
669,661,6.1175237
694,661,12.365865
686,662,14.5388365
667,663,5.840427
670,663,14.008744
671,663,7.3422985
683,663,6.759965
697,663,12.469078
669,666,12.607907
670,666,11.706753
701,666,14.869701
704,666,13.881948
670,667,8.201355
671,667,12.693456
683,667,4.915107
697,667,12.767708
678,668,14.361168
694,669,12.52631
683,670,10.94617
701,670,13.102028
683,671,11.064009
691,671,11.131875
697,671,11.988408
684,672,14.185719
693,672,12.490823
703,672,12.088273
707,672,14.924179
677,673,13.649276
682,674,11.3193
684,674,5.5052824
687,674,8.279747
693,674,9.608142
706,674,11.516323
679,675,6.922554
692,675,11.653603
685,676,8.482536
689,676,7.292284
700,676,12.58698
712,676,14.953109
705,677,13.110322
708,677,13.2772
691,679,10.079859
695,680,11.749296
715,681,13.738877
684,682,13.201805
687,682,5.9955134
696,682,12.944713
706,682,12.936909
711,682,10.826317
722,682,14.794889
697,683,7.8680673
687,684,7.8922024
693,684,4.4984436
703,684,12.304434
706,684,7.1614103
689,685,12.012948
700,685,6.6350613
709,686,11.962035
693,687,11.651382
706,687,7.1416464
711,687,11.008751
722,687,11.928117
689,688,14.956608
702,688,9.737819
712,688,14.484925
726,688,12.398192
700,689,12.161772
712,689,7.8120923
710,690,14.976476
713,690,10.607966
731,690,12.80583
697,691,13.589103
703,693,7.837574
706,693,7.9212995
725,694,12.314603
739,694,14.392391
746,695,14.155512
711,696,9.04916
719,696,7.183345
727,696,13.882192
741,699,12.104255
712,700,14.185356
704,701,9.873084
718,701,6.040367
730,701,13.932486
726,702,14.997325
740,702,11.133957
742,702,14.637248
706,703,13.973816
707,703,8.024029
720,703,11.634789
718,704,7.3454695
730,704,7.9362125
708,705,13.13183
729,705,8.904324
711,706,12.857891
722,706,9.572701
738,706,10.948302
720,707,4.3166947
729,708,11.982863
733,709,8.697333
714,710,6.239065
731,710,14.03251
737,710,14.473407
743,710,10.834582
719,711,6.9559193
722,711,6.7868624
738,711,13.118515
747,711,12.698783
726,712,8.669961
717,713,14.188954
731,713,9.943348
737,714,9.201207
743,714,13.084698
744,716,11.846848
736,717,7.6228666
730,718,8.205775
722,719,11.635633
727,719,12.150606
747,719,14.144187
723,721,6.065041
738,722,6.353096
747,722,7.502236
727,723,14.994969
725,724,9.633391
745,724,11.947477
739,725,10.777895
745,725,7.121586
755,725,11.316242
742,726,7.627804
760,727,13.204709
732,728,11.110412
758,728,12.442254
739,730,13.404379
743,731,10.858
758,732,12.735071
736,733,14.993512
761,733,13.013178
756,734,12.084582
748,735,10.491921
762,735,13.444026
763,737,12.488846
747,738,5.7433534
754,738,14.474183
745,739,10.462367
755,739,9.13639
742,740,9.521323
752,740,8.766556
751,741,11.796889
755,745,5.158881
770,745,13.182942
774,745,14.59648
766,747,12.670235
750,748,9.797267
762,748,14.53983
776,748,12.220302
751,749,10.839999
771,749,11.671433
768,750,12.130519
762,752,12.410779
783,753,14.557623
778,754,10.574327
770,755,9.402538
774,755,14.0099945
765,756,8.930714
767,756,6.675761
780,756,10.829929
772,758,10.115432
779,759,11.895656
777,761,13.687722
776,762,13.285301
787,763,13.147229
799,764,14.885106
767,765,6.159638
779,765,14.018163
780,765,5.1540275
780,767,4.7365384
805,769,14.85547
774,770,9.296063
788,770,8.193777
797,770,13.744934
773,772,11.479196
798,772,11.672854
793,773,12.165982
798,773,12.962545
808,773,13.034513
788,774,7.5829372
791,774,11.948192
810,775,12.337549
781,777,8.58182
803,777,13.043519
790,778,11.913605
796,778,13.140533
806,778,11.732299
795,779,13.332902
807,780,12.876894
812,780,14.766117
783,782,10.714102
802,783,10.106209
800,786,8.3576975
791,788,12.975415
797,788,14.526986
813,788,12.712887
806,790,12.285415
814,790,13.835739
815,790,9.539589
796,791,14.358088
808,793,9.514469
826,793,14.368806
800,794,14.358441
809,794,10.018707
824,794,11.910502
830,794,14.563939
806,796,8.040797
813,797,7.6754184
808,798,7.9560876
822,798,9.426572
802,799,10.919086
812,801,7.2649355
835,801,12.296114
834,804,12.606595
821,805,6.9201055
815,806,10.965761
841,806,13.710027
812,807,10.39109
816,807,4.940224
837,807,13.051301
839,807,11.926012
822,808,10.197149
826,808,9.706351
814,809,6.5483146
824,809,13.757597
830,809,10.089381
831,810,11.489737
819,811,6.6414766
816,812,12.033048
835,812,11.349026
837,812,11.5238695
829,813,13.240472
842,813,13.001096
815,814,11.96953
830,814,9.458509
856,814,13.444579
841,815,12.91242
837,816,9.750915
839,816,7.1065984
840,817,12.323281
850,818,9.63933
855,818,11.698317
852,820,11.60819
854,820,13.5229
840,821,10.052156
826,822,11.05242
869,822,14.454205
843,823,6.9938474
830,824,8.020004
859,824,10.061548
849,825,10.110228
857,825,10.415144
858,826,10.885654
844,827,9.558321
866,827,14.763049
833,828,10.116752
836,828,11.631158
848,829,6.6184154
851,829,6.707113
856,830,13.15281
859,830,14.762018
876,830,14.787893
858,831,14.841147
845,832,12.935489
853,832,5.7992663
865,832,9.928904
854,834,12.647516
837,835,10.482678
857,835,14.690416
871,835,10.874334
846,836,13.551678
863,836,8.108317
839,837,6.480203
867,837,8.294199
871,837,14.643677
884,838,14.016028
867,839,8.298999
873,840,10.247571
847,841,4.5942473
864,841,5.822394
865,842,14.097852
844,843,14.209034
866,843,14.511698
866,844,6.2551594
853,845,11.929459
870,845,7.901323
872,845,10.55999
887,845,13.497227
852,846,8.898235
863,846,12.413435
864,847,6.0631647
851,848,5.2446856
874,848,14.020574
857,849,12.023707
880,849,10.397177
855,850,6.887287
875,850,13.068745
874,851,9.9298525
854,852,14.037434
882,852,9.179498
885,852,14.257418
865,853,6.4268813
870,853,12.489421
887,853,12.293202
882,854,14.464906
885,854,11.293257
875,855,7.8532686
894,855,13.237174
876,856,12.814576
886,856,10.394992
897,856,13.234069
871,857,13.822379
881,857,9.678386
889,858,10.825574
876,859,14.237775
868,861,8.037861
879,862,10.36824
883,862,10.552455
887,865,14.583909
890,866,12.501173
910,866,14.620384
871,867,13.888677
895,867,12.690393
900,869,14.9932165
872,870,5.7776303
887,870,6.424811
916,870,14.347318
881,871,7.8192945
887,872,10.545275
895,872,11.213039
901,873,13.920669
907,873,12.655816
909,873,11.272221
922,874,14.148461
894,875,7.612497
886,876,7.400761
897,876,12.90182
917,876,12.903756
888,877,6.7941136
914,877,14.773977
883,878,14.844535
889,878,14.296721
905,878,12.495332
883,879,13.678056
891,879,9.344805
911,879,14.13141
918,879,12.416434
902,880,9.556992
885,882,7.3303947
899,882,10.368723
904,882,14.979946
908,882,9.441164
905,883,9.818226
911,883,9.688486
893,884,5.152962
912,884,8.8152485
904,885,8.2755575
908,885,7.5804286
919,885,14.625012
897,886,5.6567397
916,887,9.271145
923,887,13.710172
903,888,11.799835
929,888,13.3484955
910,890,8.214959
906,891,10.57979
918,891,10.481766
896,892,12.070669
898,892,5.723465
915,892,14.249006
912,893,8.689882
920,894,8.24705
923,895,13.554961
933,896,12.110018
928,897,12.612098
937,897,13.293574
944,897,14.797866
915,898,8.581089
908,899,11.661626
904,900,13.759201
919,900,11.9323225
909,901,7.123593
936,901,13.194497
929,903,11.705365
948,903,13.072731
908,904,8.978935
919,904,6.376579
953,904,14.999097
911,905,10.916157
926,906,11.9519415
909,907,10.8477545
926,907,14.106639
919,908,13.428599
953,908,14.815776
959,909,14.654754
930,910,12.092068
918,911,8.103955
940,912,9.93024
945,912,13.545331
928,913,12.843251
932,914,6.5862947
935,914,10.417687
930,915,7.584225
923,916,6.7170296
934,916,6.776768
938,916,13.078685
931,917,7.22233
937,917,14.551846
941,917,9.624955
949,917,12.175796
953,919,11.910447
968,919,13.78723
925,922,12.599128
946,922,10.53808
934,923,9.287525
973,923,14.751392
950,924,11.010046
954,924,10.417099
943,925,8.82525
946,925,10.697483
962,926,12.576723
942,927,10.427245
958,927,14.629289
964,927,12.392001
937,928,12.695301
944,928,8.350494
970,928,13.676643
935,929,9.278356
948,929,12.92432
971,929,14.247516
941,931,7.57414
945,931,12.54692
949,931,5.012243
969,931,10.055186
935,932,6.9165864
942,932,13.533245
974,932,13.530326
956,933,9.43855
938,934,8.91478
957,934,14.583876
973,934,14.140488
974,935,10.949575
965,936,10.7526655
941,937,8.407819
944,937,6.0941944
975,937,11.848601
943,938,11.612844
957,938,6.813908
945,940,12.8084135
944,941,13.973069
949,941,8.894882
969,941,13.049283
964,942,13.583146
976,942,11.699627
946,943,14.163823
957,943,7.8663487
975,944,9.571118
949,945,11.101802
969,945,10.647628
977,945,9.326347
958,947,13.802212
960,947,11.353093
979,947,10.952204
983,947,10.95651
954,948,14.702534
971,948,6.538197
997,948,14.367722
969,949,5.1167173
954,950,9.135178
961,950,10.973741
978,950,9.445892
998,950,14.337628
962,951,12.150945
993,951,12.818287
960,952,9.26817
992,952,13.549028
968,953,6.306907
980,953,10.558184
985,953,14.365548
978,954,6.624556
965,955,9.490274
986,955,8.246709
963,956,10.383647
988,956,14.454946
1005,956,14.94164
996,957,11.614725
964,958,9.372643
979,958,10.493337
984,958,11.559028
983,960,10.257409
980,961,12.283675
998,961,12.234414
1002,962,12.5580635
990,963,9.590511
976,964,6.370376
984,964,4.9348183
986,965,10.87225
982,966,14.993516
987,966,7.2494335
973,967,5.778755
989,967,13.435192
992,967,11.221496
980,968,12.352051
985,968,8.083936
1003,968,11.073384
977,969,11.137733
997,971,10.344555
1000,972,11.016313
1001,972,14.587213
989,973,8.098947
1016,974,13.518923
1009,975,10.021064
984,976,6.3512053
1017,976,13.428164
991,977,10.378009
1006,977,12.972676
998,978,11.421905
983,979,9.012446
1011,979,10.651151
1003,980,12.871697
988,981,12.995854
994,981,7.3801374
1013,981,14.846553
990,982,10.050129
1015,983,14.201037
1017,984,13.230436
1022,984,14.412823
1003,985,10.155659
1007,985,14.446857
1010,985,10.440264
1021,986,13.717368
994,988,7.2600923
1005,988,13.001109
1012,988,10.573845
1028,988,13.533676
1019,989,12.517918
1023,990,13.195688
1006,991,4.62506
1029,991,13.597963
1014,992,9.841674
1001,993,10.892873
1002,993,12.716747
1012,994,14.97175
999,996,14.221074
1024,996,10.976373
1018,998,10.5339
1026,998,10.333256
1024,999,14.829877
1001,1000,14.675258
1027,1000,8.453908
1049,1001,14.977893
1034,1002,12.874773
1010,1003,14.094635
1020,1004,10.744282
1012,1005,5.9241366
1028,1005,11.380182
1029,1006,9.779542
1010,1007,6.715148
1038,1008,13.6223755
1047,1009,13.727384
1022,1011,10.197618
1042,1011,12.434887
1028,1012,5.8052545
1031,1013,7.577216
1015,1014,11.403201
1032,1014,6.9145436
1037,1014,14.349811
1032,1015,9.2855
1037,1015,6.5781016
1025,1016,14.128572
1039,1016,10.897669
1022,1017,10.889635
1025,1017,9.634112
1046,1017,11.369221
1026,1018,9.116557
1035,1018,6.300167
1043,1018,11.15565
1053,1018,14.460346
1055,1018,12.741153
1033,1019,5.6147623
1041,1019,14.292724
1050,1020,14.09025
1036,1021,11.464016
1042,1022,6.107545
1040,1023,5.2658954
1030,1024,12.826544
1045,1024,12.753996
1069,1024,14.715093
1039,1025,7.9825077
1046,1025,10.422883
1035,1026,11.568229
1053,1026,8.743997
1055,1026,14.845855
1049,1027,14.646588
1051,1028,13.554742
1060,1029,12.615961
1063,1029,14.450149
1041,1030,4.898443
1045,1030,6.2111135
1054,1031,8.004537
1037,1032,8.851338
1057,1032,9.770783
1064,1032,11.754287
1056,1033,10.238255
1073,1033,12.866528
1038,1034,14.661154
1043,1035,5.6595626
1053,1035,12.603804
1055,1035,6.694711
1058,1035,14.500362
1067,1035,11.163962
1074,1035,14.8360815
1057,1037,12.903283
1064,1037,11.322131
1080,1037,14.981118
1046,1039,13.919535
1065,1039,12.136883
1045,1041,5.0198097
1069,1041,14.148219
1084,1041,13.359133
1052,1042,11.382848
1055,1043,6.6964498
1058,1043,8.91224
1067,1043,6.9099154
1068,1044,11.292334
1069,1045,9.524902
1084,1045,12.292803
1091,1046,12.370216
1070,1047,11.252667
1076,1047,14.25482
1086,1048,12.463993
1089,1050,11.081337
1059,1051,7.958298
1078,1051,12.146721
1062,1052,5.4067717
1080,1052,12.953689
1088,1052,10.002188
1055,1053,11.330011
1066,1053,11.504005
1074,1053,7.2461243
1071,1054,13.365825
1058,1055,12.323647
1067,1055,6.806945
1074,1055,10.041065
1098,1055,14.691528
1057,1056,13.037346
1073,1056,7.2033687
1064,1057,4.659564
1067,1058,6.133871
1087,1058,11.701937
1096,1058,11.601695
1102,1059,12.7984495
1063,1060,9.527893
1079,1060,5.834358
1083,1060,6.8049035
1070,1061,7.9567013
1080,1062,7.591907
1088,1062,6.4013424
1079,1063,6.062806
1083,1063,14.19325
1104,1063,13.935236
1080,1064,11.7046995
1074,1066,13.304281
1086,1066,14.090768
1096,1067,13.078849
1069,1068,11.387644
1099,1068,14.953101
1084,1069,11.290375
1103,1069,12.31361
1097,1070,14.434872
1081,1071,8.546844
1090,1072,8.641141
1098,1074,7.9293637
1081,1075,14.415328
1097,1076,10.988706
1087,1077,13.984598
1109,1077,12.796499
1112,1078,14.591246
1083,1079,8.335814
1104,1079,12.191675
1088,1080,8.488763
1105,1080,14.815071
1094,1082,6.15057
1115,1082,14.134976
1103,1084,11.993647
1089,1085,10.862799
1101,1086,6.493736
1116,1086,13.2835
1096,1087,7.7317395
1108,1087,8.705508
1105,1088,8.885728
1099,1090,7.4599195
1100,1091,8.811754
1110,1091,11.29404
1114,1093,13.3617115
1121,1093,12.254458
1114,1094,12.670571
1115,1094,8.579569
1108,1096,8.0474825
1118,1096,9.464712
1122,1097,10.27854
1113,1099,10.665459
1129,1099,13.083736
1105,1100,14.958133
1110,1100,13.787353
1111,1101,11.442755
1116,1101,7.028232
1112,1102,14.0598955
1113,1103,14.701736
1120,1103,10.506072
1128,1103,10.800029
1131,1103,13.416408
1117,1104,14.99928
1109,1106,12.439596
1126,1106,8.484109
1139,1106,14.709587
1119,1107,11.511156
1118,1108,8.30975
1136,1109,12.968775
1123,1110,13.356275
1132,1110,8.480585
1142,1110,13.202796
1116,1111,10.07533
1144,1111,14.973658
1137,1112,10.685781
1129,1113,7.3737826
1131,1113,10.204952
1115,1114,9.205384
1121,1114,7.4170074
1143,1114,14.637347
1149,1115,14.272172
1138,1118,8.889301
1130,1119,7.8551316
1128,1120,5.220184
1131,1120,14.094795
1135,1120,11.701757
1140,1121,10.423903
1143,1121,9.536983
1127,1122,14.002727
1132,1123,11.189897
1142,1123,10.284676
1135,1125,9.757811
1159,1125,13.419648
1139,1126,7.479317
1148,1126,8.323492
1145,1127,13.83088
1131,1128,9.145525
1135,1128,14.644218
1131,1129,12.001342
1150,1129,9.619972
1134,1130,10.21212
1150,1131,12.741064
1142,1132,5.133651
1160,1132,11.716413
1153,1133,12.4425
1159,1135,12.803694
1162,1135,11.442539
1139,1136,12.236733
1161,1137,9.355092
1157,1138,10.979098
1176,1138,14.990278
1148,1139,5.9911113
1164,1139,9.277234
1143,1140,5.639905
1153,1141,8.52146
1160,1142,10.048832
1147,1144,10.58418
1158,1145,7.051901
1151,1146,14.841827
1164,1148,9.302866
1154,1149,6.161191
1170,1149,7.9292326
1181,1149,13.196304
1178,1150,12.108817
1155,1152,5.960581
1160,1152,11.976384
1175,1152,7.73212
1170,1154,6.0392237
1181,1154,10.534509
1175,1155,7.6079493
1163,1156,9.877313
1171,1156,12.457854
1184,1156,13.188986
1189,1156,12.2541275
1176,1157,13.78568
1183,1157,10.92934
1168,1158,12.812001
1162,1159,11.97659
1186,1159,14.507685
1192,1159,13.499809
1179,1160,14.865683
1182,1160,9.376372
1197,1160,13.342477
1169,1161,11.098622
1191,1161,10.694384
1199,1161,13.844238
1192,1162,11.97725
1193,1162,13.2623825
1174,1163,9.603935
1189,1163,14.557947
1188,1167,14.138434
1202,1167,13.229244
1209,1168,14.943024
1191,1169,12.764943
1194,1169,10.852547
1181,1170,5.289848
1179,1171,6.6958284
1184,1171,6.8670444
1189,1171,12.739858
1213,1171,14.6821785
1190,1172,12.54416
1201,1172,13.691532
1211,1173,13.529561
1197,1175,14.488265
1200,1175,9.765029
1183,1176,9.112303
1180,1177,12.888729
1185,1177,13.206464
1223,1177,14.951737
1182,1179,13.052521
1184,1179,9.923912
1213,1179,11.132705
1206,1180,11.455248
1224,1181,14.666029
1197,1182,4.5047574
1200,1182,10.543294
1227,1182,13.928529
1204,1183,11.130261
1189,1184,6.894071
1213,1184,11.304734
1218,1185,12.4330015
1188,1186,13.689333
1212,1186,8.406809
1230,1186,14.288949
1219,1187,9.975246
1202,1188,6.736677
1228,1189,14.519216
1194,1191,7.740519
1199,1191,5.0642276
1215,1191,7.9780025
1229,1191,12.424424
1193,1192,12.6049185
1208,1192,10.429841
1208,1193,5.901456
1234,1193,14.77097
1199,1194,11.569265
1215,1194,7.8109646
1229,1194,13.30961
1203,1196,10.102279
1214,1196,10.308773
1231,1196,12.072662
1239,1196,14.538354
1200,1197,7.1681833
1221,1197,11.229562
1227,1197,11.323701
1207,1198,5.8998795
1215,1199,7.720685
1229,1199,9.884414
1221,1200,7.075936
1206,1201,13.4343
1210,1205,10.106834
1222,1205,7.8007617
1249,1205,14.826961
1242,1206,13.322268
1234,1208,10.176046
1243,1208,13.260972
1222,1210,6.4384356
1216,1211,13.044648
1237,1211,9.971525
1230,1212,8.195704
1227,1213,12.637137
1236,1213,11.38763
1231,1214,7.5777707
1232,1214,13.346042
1233,1214,7.3581634
1239,1214,13.423808
1229,1215,5.559511
1237,1216,12.071311
1219,1217,10.802583
1226,1217,8.077747
1223,1218,12.529966
1245,1218,12.031175
1227,1221,14.216928
1235,1221,11.716923
1253,1221,10.558352
1249,1222,9.515867
1228,1225,8.481687
1238,1225,6.3515725
1248,1226,10.15197
1253,1227,14.792292
1238,1228,13.457727
1247,1229,11.226293
1258,1229,10.928572
1241,1230,9.682822
1256,1230,14.789413
1233,1231,6.2001395
1239,1231,6.0634327
1233,1232,9.543089
1239,1233,11.409333
1243,1234,5.142283
1253,1235,12.545639
1246,1237,14.411949
1271,1237,13.898203
1261,1238,11.7090225
1279,1238,14.638208
1262,1240,10.208603
1252,1241,8.253142
1256,1241,6.4823
1281,1242,14.485419
1265,1245,12.704669
1257,1246,13.454693
1273,1246,11.504185
1258,1247,10.101203
1259,1247,6.689779
1287,1247,14.157669
1274,1248,11.413906
1283,1249,14.024675
1251,1250,10.3612795
1255,1250,10.315637
1257,1251,8.836379
1256,1252,6.5978165
1269,1253,13.653123
1264,1254,6.549131
1291,1254,14.63612
1294,1255,14.475535
1259,1258,14.42919
1280,1258,7.3731976
1287,1258,13.103395
1287,1259,11.596692
1267,1260,10.782684
1274,1260,14.058717
1278,1260,6.241669
1270,1261,10.8208475
1279,1261,9.069641
1293,1263,10.237383
1270,1264,12.398824
1291,1264,8.092918
1290,1265,7.7828374
1288,1266,7.0524316
1295,1266,12.828739
1299,1266,14.272082
1312,1266,13.971449
1278,1267,9.765639
1282,1267,12.396797
1304,1267,12.41538
1305,1267,14.265508
1286,1268,10.391835
1298,1268,9.512206
1272,1269,10.903175
1306,1269,13.075408
1291,1270,13.665552
1300,1272,9.236104
1306,1272,10.58822
1309,1273,12.451079
1275,1274,14.516767
1278,1274,13.037641
1315,1276,14.9249525
1288,1277,11.431822
1295,1277,8.589272
1307,1277,10.440307
1305,1278,9.093924
1286,1279,8.354812
1287,1280,9.830508
1304,1282,10.817504
1308,1283,13.148347
1285,1284,5.502525
1310,1284,9.998356
1310,1285,10.92267
1298,1286,14.1018305
1299,1287,12.944011
1314,1287,12.428777
1295,1288,5.8603983
1312,1288,11.538191
1308,1290,11.902245
1313,1291,10.402703
1301,1292,8.121071
1327,1292,13.862296
1329,1292,14.82317
1317,1293,10.5077305
1319,1293,12.234149
1318,1294,13.600148
1325,1294,9.98815
1333,1294,14.780712
1307,1295,9.775073
1312,1295,13.716796
1320,1295,10.632314
1303,1296,9.304372
1311,1296,5.234501
1316,1298,8.19057
1328,1298,12.469748
1332,1298,14.57176
1336,1298,13.657949
1312,1299,10.063285
1314,1299,9.14481
1306,1300,5.6442914
1316,1300,14.343322
1324,1300,9.187277
1332,1300,14.177701
1327,1301,10.002681
1329,1301,14.877166
1334,1301,12.067491
1338,1302,13.927026
1311,1303,10.1673765
1326,1303,10.421576
1305,1304,14.677535
1331,1304,10.381388
1331,1305,14.248751
1324,1306,11.425397
1320,1307,7.7141204
1330,1307,9.657734
1340,1307,13.93861
1339,1309,11.15963
1347,1313,10.55842
1352,1314,13.463239
1357,1314,14.630695
1346,1315,10.344133
1356,1315,14.259584
1324,1316,10.174647
1328,1316,9.089963
1332,1316,6.6135745
1336,1316,6.5404625
1353,1316,11.437694
1319,1317,10.543227
1325,1318,10.627161
1333,1318,6.6362967
1343,1318,8.499803
1330,1320,5.340624
1340,1320,6.2599196
1335,1321,12.555488
1325,1323,14.658209
1348,1323,8.291203
1332,1324,6.149397
1336,1324,13.045359
1350,1324,11.221143
1353,1324,10.832059
1333,1325,6.986278
1348,1325,12.996612
1362,1325,14.198523
1329,1327,7.263174
1334,1327,9.377758
1351,1327,13.558037
1354,1327,8.312553
1332,1328,12.804908
1336,1328,6.2541966
1353,1328,13.844704
1366,1328,14.595378
1341,1329,12.84507
1351,1329,8.052634
1354,1329,11.1463375
1367,1329,13.862037
1340,1330,7.346691
1336,1332,7.0437474
1350,1332,14.003087
1353,1332,6.050057
1343,1333,9.961177
1362,1333,9.656329
1337,1334,11.686673
1354,1334,10.653557
1353,1336,7.7368712
1366,1336,11.764986
1347,1337,12.231763
1376,1337,13.0903425
1339,1338,14.818763
1359,1339,11.696368
1378,1339,13.693632
1364,1340,12.952741
1351,1341,8.654031
1367,1341,13.144231
1368,1341,9.108391
1365,1342,14.577073
1362,1343,13.101979
1369,1345,14.866567
1356,1346,7.8734555
1360,1346,8.696542
1381,1349,11.102007
1353,1350,13.643259
1375,1350,9.094358
1380,1350,11.774939
1354,1351,12.102524
1367,1351,6.623804
1368,1351,10.522524
1357,1352,8.417694
1386,1352,12.395666
1366,1353,10.270831
1375,1353,14.865899
1367,1354,12.529395
1374,1354,8.148874
1389,1354,14.069305
1356,1355,9.084919
1385,1355,12.127326
1360,1356,14.21568
1385,1356,12.8213005
1383,1357,9.464272
1386,1357,11.970148
1370,1358,9.9831
1388,1358,10.099257
1390,1358,13.207828
1378,1359,13.435003
1396,1361,14.257369
1397,1363,12.917589
1387,1364,9.072897
1368,1365,12.512568
1407,1365,13.313986
1391,1366,10.944703
1368,1367,9.48886
1374,1367,12.802735
1393,1367,9.144035
1403,1367,13.474302
1393,1368,11.67882
1382,1369,13.7619915
1388,1370,9.517943
1377,1371,7.273728
1392,1371,9.093734
1401,1371,14.650609
1408,1371,13.44557
1379,1373,12.239081
1382,1373,9.504691
1400,1373,12.279385
1406,1373,12.886739
1376,1374,14.547122
1389,1374,6.818405
1395,1374,7.7995667
1403,1374,12.234713
1380,1375,8.529149
1389,1376,10.264507
1413,1376,14.883441
1392,1377,13.732193
1408,1377,14.762483
1414,1377,14.122671
1405,1378,9.068163
1406,1379,9.764733
1383,1381,9.395509
1400,1382,7.7158246
1386,1383,11.26866
1404,1384,10.140167
1415,1384,11.910923
1390,1388,8.852902
1425,1388,14.4053135
1395,1389,5.830011
1403,1389,13.53791
1420,1389,14.207824
1391,1390,6.213299
1410,1390,13.937007
1410,1391,9.127712
1401,1392,5.6650157
1408,1392,6.9292865
1414,1392,13.458442
1419,1392,12.356292
1403,1393,8.617501
1417,1393,8.48697
1418,1394,11.317143
1422,1394,12.091269
1426,1394,12.159189
1403,1395,7.90731
1420,1395,9.093079
1428,1398,13.356888
1435,1399,13.478946
1406,1400,14.39157
1409,1400,13.299336
1411,1400,8.656833
1407,1401,11.797946
1408,1401,8.224327
1419,1401,7.0347557
1417,1403,8.367729
1420,1403,8.0902405
1427,1403,10.523988
1415,1404,3.9389822
1423,1405,8.094212
1411,1406,9.462633
1419,1407,11.22075
1414,1408,7.481207
1419,1408,11.441516
1424,1409,5.6549034
1421,1410,6.9445834
1436,1410,14.573661
1439,1411,7.829766
1429,1412,5.5768013
1435,1412,14.027365
1442,1412,11.039703
1422,1413,8.287097
1426,1413,14.229825
1428,1414,14.584867
1434,1414,9.120107
1450,1414,14.308627
1420,1417,11.703778
1427,1417,7.312051
1431,1417,9.058969
1448,1417,13.323394
1422,1418,12.15649
1426,1418,6.880426
1430,1418,14.858239
1446,1418,14.127619
1427,1420,7.7403865
1441,1420,9.634736
1436,1421,7.719106
1455,1421,14.167735
1426,1422,5.995726
1446,1422,9.331339
1449,1422,11.886696
1440,1423,9.117857
1444,1423,10.584377
1454,1424,12.386554
1430,1425,7.6428733
1446,1426,8.229738
1449,1426,13.5114355
1431,1427,11.401397
1441,1427,11.329301
1448,1427,9.58213
1434,1428,7.99954
1437,1428,6.379901
1452,1428,13.237423
1435,1429,13.30195
1442,1429,5.586526
1448,1431,9.141258
1463,1431,12.964581
1438,1432,9.1163435
1437,1434,13.550521
1450,1434,10.225331
1461,1434,11.198439
1455,1436,8.261824
1462,1436,14.336591
1465,1436,13.357215
1445,1437,14.564627
1452,1437,7.425232
1478,1437,14.604665
1444,1440,13.429691
1466,1441,9.417304
1456,1442,14.830417
1469,1443,14.370732
1484,1443,13.812967
1452,1445,11.506342
1471,1445,10.047585
1449,1446,6.3032203
1457,1446,12.103687
1474,1446,10.770853
1460,1447,7.3194923
1463,1448,12.251571
1489,1448,13.040035
1457,1449,5.804562
1474,1449,7.9503884
1491,1449,14.721415
1461,1450,6.8468614
1471,1452,12.87881
1478,1452,8.235631
1498,1452,14.465083
1464,1453,5.669763
1479,1453,13.682802
1503,1453,14.625365
1458,1454,11.824064
1472,1454,13.209141
1475,1454,11.536711
1481,1454,8.422081
1493,1454,14.734271
1459,1455,14.764792
1462,1455,11.5630245
1465,1455,6.4021072
1482,1455,12.196448
1474,1457,9.467949
1488,1457,13.149946
1491,1457,10.747273
1475,1458,6.3575234
1481,1458,14.522337
1465,1459,9.518533
1482,1459,8.841949
1473,1460,14.457759
1496,1460,9.652823
1483,1461,9.822674
1495,1461,9.782384
1468,1463,5.2434535
1489,1463,14.097707
1500,1463,12.060804
1507,1463,14.225836
1503,1464,11.758539
1482,1465,5.984255
1488,1466,9.983372
1497,1466,8.526626
1513,1466,14.420264
1516,1466,14.179646
1511,1467,12.488836
1500,1468,12.971618
1507,1468,12.248261
1471,1469,12.056416
1484,1469,7.3529444
1514,1469,13.13867
1477,1470,14.5865
1485,1470,6.6938357
1478,1471,13.48404
1498,1471,9.389148
1517,1471,13.871476
1481,1472,10.799486
1493,1472,5.577406
1506,1472,14.253292
1496,1473,14.339804
1506,1473,11.877548
1522,1473,14.560784
1491,1474,11.051665
1481,1475,10.122732
1521,1475,13.370336
1502,1476,6.8103194
1509,1476,11.879271
1480,1477,5.254958
1486,1477,10.706778
1483,1478,9.879111
1498,1478,9.210483
1524,1478,13.043559
1503,1479,12.964375
1520,1479,13.4096155
1486,1480,5.45713
1527,1480,13.641576
1493,1481,8.866949
1521,1481,12.31745
1495,1483,7.0200315
1512,1484,14.245462
1514,1484,11.45751
1518,1484,11.985876
1527,1486,13.1994
1501,1487,8.945548
1508,1487,6.9196577
1512,1487,9.525062
1491,1488,6.4090495
1497,1488,8.329057
1513,1488,7.250187
1516,1488,11.334512
1497,1489,13.342228
1500,1489,8.487083
1510,1489,6.450612
1516,1489,14.7977295
1528,1489,13.635899
1497,1491,14.597634
1513,1491,10.920117
1499,1492,6.992117
1506,1493,13.213446
1533,1493,13.512224
1496,1494,14.02427
1523,1494,10.447734
1531,1494,11.416071
1522,1496,10.419529
1510,1497,12.402463
1513,1497,7.61572
1516,1497,5.653221
1517,1498,9.2533245
1524,1498,9.24767
1525,1499,10.16974
1507,1500,7.166585
1510,1500,9.802866
1528,1500,7.8674664
1535,1500,14.640049
1508,1501,5.1774487
1509,1502,7.1173787
1520,1503,13.179392
1540,1503,13.220809
1519,1504,9.003077
1515,1505,8.56252
1530,1505,7.1945815
1534,1505,12.405796
1537,1505,13.293408
1547,1505,13.628932
1522,1506,13.300526
1529,1506,6.3189774
1533,1506,13.397012
1538,1506,10.362782
1546,1506,12.9125
1528,1507,8.694959
1535,1507,8.832733
1512,1508,10.6253805
1543,1509,14.26075
1516,1510,11.217936
1528,1510,10.554209
1544,1511,11.634623
1518,1512,6.64199
1516,1513,6.1641836
1545,1513,11.137687
1517,1514,12.351006
1518,1514,10.804337
1530,1515,6.858916
1534,1515,5.64363
1547,1515,14.0406065
1545,1516,12.367277
1524,1517,12.014136
1561,1519,14.029201
1540,1520,13.0618725
1536,1521,11.983023
1529,1522,14.16262
1538,1522,11.084238
1531,1523,8.50668
1559,1523,14.125904
1551,1524,11.527171
1539,1525,10.559671
1563,1525,14.926782
1539,1527,9.041847
1535,1528,10.502426
1560,1528,12.062178
1533,1529,9.652623
1538,1529,5.851475
1546,1529,6.595668
1555,1529,11.693191
1558,1529,13.200357
1534,1530,6.8867826
1537,1530,11.767495
1547,1530,7.6310377
1556,1531,11.829111
1572,1531,14.091719
1537,1532,13.149685
1538,1533,14.194011
1546,1533,9.165538
1558,1533,8.332709
1547,1534,11.360568
1559,1534,14.411642
1574,1534,13.848417
1560,1535,11.109328
1568,1535,11.101802
1544,1536,12.53174
1547,1537,8.775187
1546,1538,6.753293
1555,1538,6.9060106
1558,1538,14.619452
1563,1539,8.3603735
1571,1539,12.2959795
1550,1541,7.40668
1543,1542,5.7786784
1580,1542,14.004944
1580,1543,12.970178
1554,1544,13.009326
1555,1546,7.8421683
1558,1546,7.8727317
1585,1547,12.730086
1557,1548,7.99943
1577,1548,13.64181
1581,1548,9.797053
1561,1549,12.6412945
1591,1549,14.4334345
1557,1551,8.293258
1575,1552,8.116685
1570,1553,13.879988
1586,1553,9.473483
1575,1554,13.419048
1558,1555,13.655509
1572,1556,8.487553
1573,1556,7.424349
1587,1556,9.203678
1581,1557,11.575937
1584,1558,11.889666
1572,1559,10.840089
1574,1559,10.047432
1568,1560,8.532264
1565,1561,6.8179183
1589,1561,14.627095
1591,1561,13.121066
1564,1562,7.7430663
1594,1562,13.040951
1571,1563,10.261464
1578,1564,8.001214
1570,1565,11.116045
1589,1565,8.953141
1598,1565,12.450415
1592,1566,9.635049
1590,1567,7.825603
1576,1568,12.979558
1597,1568,13.269705
1576,1569,10.62588
1577,1569,6.067636
1581,1569,12.668054
1600,1569,12.386056
1586,1570,11.65796
1589,1570,8.107193
1604,1570,11.932189
1573,1572,13.179258
1587,1572,8.95164
1587,1573,7.340757
1585,1574,8.308633
1577,1576,15.0
1597,1576,9.323229
1581,1577,7.286196
1600,1577,9.091288
1603,1577,10.678966
1582,1578,8.549637
1602,1578,9.798321
1584,1579,13.259983
1596,1579,14.409096
1588,1580,10.114147
1600,1581,13.384372
1603,1581,9.744341
1601,1582,10.513432
1602,1582,10.147398
1596,1584,5.0474715
1604,1586,12.8272505
1608,1587,10.450856
1598,1589,7.4172416
1604,1589,9.385459
1606,1591,13.576864
1614,1591,12.600926
1610,1592,13.346956
1604,1598,12.416903
1614,1598,11.776102
1611,1599,8.260939
1603,1600,7.979013
1602,1601,12.136518
1616,1601,14.680891
1618,1601,13.094479
1616,1602,6.718284
1615,1605,6.585826
1613,1610,6.5647874
