Object,area,centroid-0,centroid-1,axis_major_length,axis_minor_length,eccentricity
1,6,0.5,559.0,3.265986323710904,2.0,0.7905694150420949
2,11,0.6363636363636364,566.0,5.393598899705936,2.5712973861329003,0.8790490729915326
3,36,2.2777777777777777,592.9722222222222,7.412436535250612,6.202865281247179,0.5474801493295157
4,44,4.909090909090909,394.47727272727275,7.855450866250535,7.107392783840746,0.425896050014174
5,5,7.2,424.4,3.098386676965933,1.7888543819998317,0.816496580927726
6,77,9.155844155844155,544.7142857142857,13.787616855751978,7.1930082794265875,0.8531286314328145
7,82,9.146341463414634,562.5,12.366944894673052,8.43823593338913,0.7310519678817125
8,60,10.366666666666667,596.0666666666667,11.251615647309167,6.868691513163569,0.7920450168059238
9,19,12.842105263157896,570.1578947368421,5.271572221283754,4.5005385950383054,0.5207037318817047
10,58,14.586206896551724,429.4310344827586,9.536029423577194,7.837146229674285,0.5697099217774674
11,51,19.823529411764707,547.9215686274509,10.031794244507942,6.442942549462974,0.7664933342453384
12,29,21.310344827586206,427.7931034482759,6.335904187786931,5.858331825152975,0.3808801065569817
13,58,29.103448275862068,432.58620689655174,9.074496612919285,8.084762236791246,0.45413612227355793
14,76,30.30263157894737,422.3157894736842,14.055101365400365,6.929990095767406,0.8699960414667923
15,9,34.666666666666664,598.2222222222222,3.7817431280582214,3.1300454222715657,0.5612111506528393
16,14,37.142857142857146,527.0,5.458401192353751,3.319967312176942,0.7937602822631291
17,18,38.611111111111114,419.44444444444446,6.009907304266151,4.0098061123109074,0.7448792232688545
18,106,39.0,586.5849056603773,23.185035506011225,6.270559554126319,0.9627320023512084
19,34,40.970588235294116,322.20588235294116,7.886458384983933,5.5034719230373605,0.7162554340088788
20,14,40.714285714285715,330.5,4.20883424647321,4.120630029101703,0.2036532699906393
21,58,41.1551724137931,413.7931034482759,12.487193955129998,5.892704852622089,0.8816521645515711
22,30,42.6,591.4666666666667,7.193724023031221,5.4472522341714384,0.6531566042554705
23,48,44.041666666666664,312.75,9.478697261011918,6.617642112034625,0.7159422991154507
24,39,45.94871794871795,288.20512820512823,7.598508911717081,6.579584576018521,0.500209007660851
25,49,48.69387755102041,108.20408163265306,10.062946478155629,6.213868379634075,0.7865709639920221
26,18,50.77777777777778,289.22222222222223,5.183068350973601,4.618802153517007,0.4537426064865151
27,73,50.02739726027397,342.09589041095893,12.517918843310468,7.392525133864003,0.8069970670937561
28,3,51.666666666666664,14.666666666666666,2.3094010767585034,1.3333333333333333,0.816496580927726
29,30,52.1,293.23333333333335,7.290888830051127,5.286318406041951,0.6886876442538321
30,45,53.71111111111111,133.0888888888889,8.076557096898926,7.04089225397865,0.48991711362267537
31,33,53.60606060606061,322.93939393939394,8.31387261185184,4.982227336029139,0.8005494203685337
32,41,55.170731707317074,535.0,9.737328374158716,5.331544255920592,0.8367816954782095
33,74,55.24324324324324,19.06756756756757,10.895358958117592,8.813446326723973,0.5879221958544779
34,22,56.90909090909091,285.09090909090907,5.502816709244202,4.972652484064489,0.4282593998234223
35,4,57.5,337.5,2.0,2.0,0.0
36,42,58.904761904761905,129.0,7.9773049065200246,6.663929614149179,0.5497016969864426
37,23,59.08695652173913,276.7826086956522,5.733826014124255,5.0375140067593245,0.4776307722564948
38,39,61.53846153846154,469.2307692307692,8.20062209110779,6.03215369388786,0.6774457986241478
39,86,60.883720930232556,518.0697674418604,16.347337631201935,6.7655498567912975,0.9103394088896257
40,23,62.47826086956522,332.39130434782606,6.479797721549888,4.480680048777987,0.7223912438364415
41,61,63.78688524590164,298.11475409836066,11.955458076190645,6.548567639188288,0.8366439510379453
42,56,64.91071428571429,322.3392857142857,8.875920641477393,8.024431578245938,0.42738965357530423
43,112,68.58035714285714,583.875,23.90055869798167,6.243509123019746,0.9652769688115429
44,81,66.30864197530865,596.2592592592592,16.585354392764653,6.321079462962509,0.924523858747584
45,76,67.48684210526316,120.86842105263158,11.64454023541329,8.329949712166698,0.6987638765234784
46,52,67.48076923076923,427.28846153846155,8.658287796313425,7.605959537333033,0.4778158853860078
47,35,67.17142857142858,462.77142857142854,7.677593977087699,5.824075621541643,0.6515789456240347
48,75,68.44,102.4,11.848719194431624,8.031827528745099,0.7351867501381567
49,9,69.0,175.0,3.265986323710904,3.265986323710904,0.0
50,62,68.53225806451613,327.9193548387097,11.932725877233683,6.895930805306562,0.8161070791706082
51,40,68.8,400.1,8.439111007684678,6.064767547068502,0.6953719189975336
52,85,69.30588235294118,237.57647058823528,11.965895004581062,9.102213901892915,0.6491273627216049
53,58,69.72413793103448,301.5689655172414,9.222964639532261,8.05937777417878,0.48621702793862254
54,39,71.0,20.153846153846153,7.163351831890964,6.89853198802061,0.26938954268355925
55,37,73.29729729729729,589.8648648648649,7.294922604986723,6.409192553169349,0.47759030389455653
56,66,73.98484848484848,321.6515151515151,11.121483295131581,7.592008723669787,0.7307515293592155
57,39,76.07692307692308,109.25641025641026,7.277282703190427,6.812294980472803,0.35172276983786815
58,79,76.35443037974683,305.253164556962,14.079251770851709,7.534226903726554,0.8447698612516625
59,22,77.27272727272727,449.54545454545456,5.935263130975327,4.777262641193642,0.5934174785566042
60,75,77.54666666666667,158.04,11.38216913395567,8.34180923790411,0.6803536542010039
61,34,77.32352941176471,593.1764705882352,8.293668666524564,5.323172673917748,0.7668421793627946
62,19,77.89473684210526,137.42105263157896,5.54469823377709,4.2956952169149805,0.6322808964466018
63,29,78.51724137931035,516.551724137931,6.278612543875704,5.893925572140105,0.344651860550534
64,19,79.36842105263158,587.5263157894736,5.271572221283753,4.693367749391148,0.45534220441992507
65,77,79.92207792207792,102.14285714285714,11.0538100716716,8.966749115287575,0.5847815611185694
66,44,79.5909090909091,597.6818181818181,13.690979790350362,4.121507545344748,0.9536120900445133
67,12,80.83333333333333,446.8333333333333,4.854930889924544,3.1949059190896785,0.7529528759900531
68,42,81.54761904761905,442.14285714285717,8.857649351871572,6.034677406954003,0.7320084181989592
69,102,83.31372549019608,325.421568627451,15.068597974590618,8.778842408564573,0.8127648696904487
70,12,83.5,453.5,3.8297084310253524,3.8297084310253524,0.0
71,41,84.60975609756098,515.5121951219512,8.24772366373032,6.361042308049186,0.6365344939191397
72,74,85.41891891891892,96.94594594594595,12.170803239179149,7.818249049441217,0.7663884553475456
73,73,87.65753424657534,391.6575342465753,10.557957600317614,8.812104986100863,0.5507942365164592
74,44,88.52272727272727,221.8181818181818,8.893831005257455,6.266711328629029,0.7095915323062948
75,63,88.06349206349206,563.0,12.259178571201648,6.5705289291788525,0.8442382193750329
76,63,89.4920634920635,229.3968253968254,12.377254751977816,6.56328282635387,0.8478290359537302
77,28,89.82142857142857,248.78571428571428,7.206457415857476,4.895398931354448,0.7338539565650274
78,47,89.53191489361703,258.6808510638298,9.23583700686167,6.532254005853538,0.706940971918014
79,56,90.16071428571429,596.2142857142857,9.822292933057865,7.315562828408026,0.6672969624707016
80,4,90.5,103.5,2.0,2.0,0.0
81,36,91.13888888888889,588.8611111111111,7.73737582931381,6.033624135975166,0.6260257488351889
82,69,92.0,440.8840579710145,11.947555287200371,7.358144539847553,0.7878475520316942
83,74,91.75675675675676,503.5135135135135,10.986676748646367,8.966459157767453,0.577880856340176
84,77,94.37662337662337,496.5194805194805,11.917478429837354,8.378043914454798,0.7111851552068053
85,43,94.3953488372093,571.9767441860465,9.479957912052363,5.778267497332978,0.7927671595923639
86,51,95.01960784313725,212.49019607843138,11.480488988685948,5.756028118503161,0.8652301938054158
87,28,94.92857142857143,245.82142857142858,6.523673582452451,5.528483695300533,0.5308760704613169
88,46,95.15217391304348,489.4130434782609,9.711206082677407,6.127708309228087,0.7757880843181597
89,63,96.04761904761905,551.3333333333334,16.79865325017559,4.930380344446994,0.9559595190548212
90,47,95.19148936170212,564.4468085106383,9.247894060031857,6.488436979765926,0.7125588154328695
91,22,95.68181818181819,262.95454545454544,5.711717281236487,4.889295585159399,0.5169568062633081
92,9,96.11111111111111,581.3333333333334,3.885753375057407,2.7954428906961324,0.6945875203623408
93,123,96.72357723577235,132.6910569105691,19.54045201567597,8.061142884192991,0.9109412292996265
94,71,96.04225352112677,232.69014084507043,10.0614534003199,9.288315730709304,0.38441966038465364
95,26,97.5,117.0,6.201736729460423,5.203549084703927,0.5440588203494177
96,45,97.55555555555556,252.57777777777778,8.732946189143439,6.575250752820257,0.6581066932582433
97,10,97.0,434.5,4.381780460041329,2.6832815729997477,0.7905694150420949
98,20,97.1,586.45,5.8123212597709975,4.429099408820499,0.6475546292110049
99,47,98.14893617021276,219.91489361702128,8.261161023625265,7.360437099484615,0.45406444079755603
100,47,98.55319148936171,358.82978723404256,8.594534752979078,6.934928259358666,0.5906883561993516
101,39,98.74358974358974,443.1794871794872,9.303481255053612,5.366649195248451,0.8168549502799866
102,103,99.95145631067962,594.4660194174758,12.703495860182745,10.659876893247125,0.5439318390560218
103,105,100.1047619047619,239.6,13.864040279710657,10.251384367665969,0.6732416023530595
104,86,100.9186046511628,144.8372093023256,15.00526366020366,7.319006777990667,0.8729763012508165
105,40,101.0,247.55,7.690538611348255,6.694446643850534,0.49220687168203825
106,38,100.60526315789474,285.8421052631579,9.51632824803957,5.070051740702798,0.8462575989284473
107,86,101.62790697674419,227.80232558139534,14.742962761404405,7.8527103494590085,0.846341114315253
108,78,103.08974358974359,214.82051282051282,13.559549599426456,7.733174898861454,0.8214281067280065
109,39,101.97435897435898,428.15384615384613,7.686135811811646,6.406786961903773,0.5524423620835384
110,25,102.96,574.4,6.013280646736604,5.212950782770064,0.4984711566327377
111,30,103.36666666666666,504.6333333333333,8.36985132981808,4.5361547402898035,0.840401962510191
112,100,105.24,324.67,20.329513761952594,6.756246754121687,0.9431607561656394
113,56,104.64285714285714,551.5,9.266737132330649,7.677493695920341,0.5599887459886449
114,111,106.10810810810811,201.99099099099098,14.46472248137801,9.91621172020609,0.7280306756399693
115,76,105.71052631578948,254.07894736842104,10.914315795260444,8.9833415499339,0.5679272391480731
116,67,106.31343283582089,209.38805970149255,13.113911671227704,6.809727696193273,0.8546071485207729
117,51,106.17647058823529,222.49019607843138,8.621237856133739,7.664403271795082,0.4578795371103601
118,67,106.1044776119403,114.95522388059702,10.92067413920666,8.600289798019004,0.6162843568233575
119,88,106.92045454545455,271.70454545454544,12.254938107299687,9.112948525544802,0.6686087156664945
120,66,106.66666666666667,358.1515151515151,9.336791314030524,9.019196604405211,0.2585996062686748
121,45,107.42222222222222,245.46666666666667,8.443547201828572,6.945242054363748,0.5686924025316024
122,20,107.75,496.95,5.700651850964227,4.388914270534128,0.638168270197698
123,32,107.8125,573.15625,7.219455536548383,5.694412766545899,0.6147021645602588
124,54,108.29629629629629,194.92592592592592,11.671476108181889,6.1393482915669,0.8504765206404483
125,39,108.23076923076923,451.61538461538464,9.438828821189281,5.24256114584425,0.831566660479519
126,68,108.57352941176471,531.6764705882352,11.987781085028542,7.272193627727608,0.7949813763337245
127,42,108.73809523809524,588.2619047619048,8.530058895570695,6.331721957559871,0.670085970736227
128,71,109.32394366197182,595.6338028169014,10.492354374346798,8.77263364965666,0.5485805227015923
129,80,109.975,234.35,11.92668225868572,8.58977591677171,0.6937508911446285
130,28,110.67857142857143,227.28571428571428,6.9393468823896765,5.212676419855119,0.6601010586567403
131,29,110.75862068965517,297.8965517241379,7.542792876711517,4.863948987906949,0.764311499280516
132,57,111.54385964912281,285.05263157894734,11.539054690066953,6.238226326934457,0.8412678811539712
133,38,111.44736842105263,539.2105263157895,8.603876670694966,5.578044502663818,0.7613700252355946
134,30,112.03333333333333,163.1,7.115392322911024,5.303465626042506,0.6666721159878828
135,74,111.75675675675676,553.3783783783783,11.352806879598106,8.610844712517833,0.6516996231139923
136,85,114.65882352941176,240.3294117647059,13.692394276605889,8.366724329042507,0.7915927457263875
137,102,111.86274509803921,258.9117647058824,14.836111824137651,9.058257626715854,0.791974098626764
138,106,113.38679245283019,187.4811320754717,14.22711307011056,9.61628005810643,0.7369821065467524
139,50,112.64,220.3,8.737860442700477,7.363164732904609,0.5384246682348762
140,45,113.55555555555556,560.7111111111111,8.386260124774598,6.81316982724812,0.5830719472047383
141,29,113.41379310344827,340.55172413793105,6.587153268826375,5.536659292153485,0.5417745765101218
142,52,113.63461538461539,111.34615384615384,9.740372046739564,6.872098959347926,0.7086826840265986
143,33,114.42424242424242,153.78787878787878,9.089121835478737,4.883527170999246,0.8433952609633382
144,61,114.11475409836065,248.0,12.326158957875435,6.5776093956172135,0.8457179908123607
145,52,114.32692307692308,514.1730769230769,10.946992900796092,6.212035248843856,0.8233975235697802
146,16,114.375,590.75,4.837183752516743,4.165531580049303,0.5083541641390434
147,52,116.98076923076923,498.6730769230769,9.557963685890302,6.91754514050456,0.690065680896255
148,77,116.87012987012987,202.57142857142858,10.463977175521086,9.45930041449515,0.4275597236754445
149,81,117.08641975308642,267.1358024691358,11.726249860891134,8.974944515308682,0.6435880235703301
150,19,117.21052631578948,272.4736842105263,7.297301737636438,3.745552795414855,0.8582217193062674
151,10,117.0,518.8,3.919183588453085,3.0983866769659336,0.6123724356957945
152,56,117.625,530.1964285714286,9.986412983591471,7.149719889384891,0.6981569473972646
153,37,117.37837837837837,597.0540540540541,8.276291611030658,5.96187075839615,0.6936052201132195
154,18,118.27777777777777,260.72222222222223,5.628058138307663,4.17269473421137,0.671053072629354
155,67,118.61194029850746,194.28358208955223,10.8868434156637,7.897943354645971,0.6882668543330062
156,35,118.45714285714286,554.9142857142857,7.419349258830943,5.933491198272273,0.6003571354281745
157,47,119.44680851063829,136.17021276595744,9.637218503870072,6.214112324773177,0.7643483712132024
158,85,120.45882352941176,279.21176470588233,13.336858564142448,8.235935027997066,0.786545870435968
159,75,120.8,249.36,12.405299285129926,7.8914478802279975,0.7715775869041711
160,11,120.9090909090909,539.6363636363636,4.346129984141888,3.067356324605906,0.7084437526351622
161,97,121.10309278350516,152.5257731958763,12.739494837387962,10.236323811444423,0.5952899515953466
162,117,121.2051282051282,176.76923076923077,15.327076424245508,10.046040879785226,0.7552437431384857
163,135,123.28148148148148,163.52592592592592,20.69768521921331,9.136898733874672,0.8972880945142013
164,66,123.42424242424242,255.13636363636363,13.631687247014218,6.4455667346986685,0.881149889403214
165,23,123.08695652173913,120.56521739130434,6.028264301748739,4.808655477831726,0.6030744410856831
166,23,123.26086956521739,364.04347826086956,5.950825636033386,4.8979915018672076,0.5679288720450452
167,65,122.8923076923077,426.2307692307692,10.755752743174499,7.715069904916834,0.6967674766314675
168,19,124.63157894736842,94.0,5.49275196357403,4.361920651150207,0.607757077802168
169,17,124.11764705882354,531.5294117647059,5.487954724560283,3.880570000581328,0.7071067811865475
170,57,125.0,262.17543859649123,10.062376497688264,7.294072142610223,0.6888692337048028
171,79,124.9620253164557,462.30379746835445,13.661817665545874,7.530985188748419,0.8343445604825116
172,89,125.21348314606742,497.40449438202245,13.198870804432108,8.907392084809269,0.7379456363473943
173,85,125.8,169.98823529411766,15.653519915565054,7.2449848586790795,0.8864448512191883
174,60,125.91666666666667,274.6,10.110092286986418,7.893980164499188,0.6247785642179577
175,70,126.38571428571429,131.14285714285714,11.176251565580129,8.123082060853351,0.6868318815595308
176,30,126.0,268.3,7.594930232266629,5.171431275156719,0.7323711010799602
177,44,126.20454545454545,302.75,9.365556446235349,6.0960959236408625,0.7591584239674471
178,38,126.34210526315789,369.36842105263156,8.543878147930261,5.731715424354661,0.7415872684724371
179,73,126.43835616438356,476.63013698630135,14.760381625972403,6.401362892749265,0.9010643272989347
180,54,127.01851851851852,351.8703703703704,9.721923338689024,7.345107141144897,0.6551256281168423
181,24,126.79166666666667,360.7916666666667,5.710613899670604,5.354126134736337,0.34778442088045736
182,92,127.77173913043478,82.28260869565217,14.38978697005179,8.153200210877008,0.8239955221677903
183,73,127.98630136986301,296.7808219178082,12.781143935877552,7.345265449546944,0.8183673522447857
184,8,127.875,564.125,3.4641016151377544,2.7386127875258306,0.6123724356957945
185,134,128.00746268656715,143.2089552238806,17.64430502731777,10.353882994487584,0.8097234944250196
186,52,128.82692307692307,116.75,8.969640355838715,7.436197359998615,0.5591881939812332
187,39,129.0,502.0,10.030331357697591,4.910234370448839,0.8719816277328613
188,75,129.33333333333334,284.4533333333333,10.34432045967308,9.256839561752885,0.4463234849614109
189,129,131.32558139534885,157.015503875969,15.300316948595718,11.10829428307737,0.6876764712954547
190,34,131.44117647058823,307.20588235294116,6.809079072536418,6.413904605445329,0.33571503494431104
191,91,132.17582417582418,255.43956043956044,11.75710477239236,10.058501778431355,0.5177608402963774
192,66,132.33333333333334,264.93939393939394,10.568131325367581,8.14597083701382,0.637070879999546
193,52,132.94230769230768,149.5,11.451502378849229,6.0161826945294825,0.8508789023267191
194,33,132.93939393939394,110.66666666666667,7.43058119369824,5.7137453154419635,0.639308936932473
195,44,132.75,349.0681818181818,9.971541786851539,5.7716683936246875,0.8154595675398166
196,79,133.26582278481013,274.65822784810126,12.086141604821936,8.561857779467726,0.7058082808398163
197,88,134.61363636363637,137.36363636363637,14.697140597175784,7.7599741470391,0.8492492808135406
198,79,136.1139240506329,128.54430379746836,13.940817079816107,7.6105771140241325,0.8378370150593
199,38,135.05263157894737,490.05263157894734,8.8496208660984,5.420797132456309,0.7904351813345236
200,89,135.1011235955056,121.47191011235955,13.580613452492216,8.610009925313976,0.7733390225187968
201,27,136.03703703703704,281.0,6.246487889174165,5.918911660996034,0.3195828572404921
202,59,136.03389830508473,314.08474576271186,10.667389654665477,7.081052148907092,0.7479068920687725
203,46,135.97826086956522,406.9130434782609,8.823380898470594,6.641262050153037,0.658376197345626
204,21,136.0,501.0,5.0896720822428145,5.0896720822428145,0.0
205,56,136.10714285714286,287.875,11.264214738861337,6.400742701682796,0.8228649959213332
206,48,135.5,82.75,12.305587537367222,5.122419548109975,0.9092420685577846
207,39,137.25641025641025,367.38461538461536,7.7331930294430515,6.43384074763703,0.5548097321187438
208,81,138.06172839506172,378.7654320987654,14.241373808139874,7.255137067242679,0.8605056983494185
209,134,137.52985074626866,101.45522388059702,21.062873214163027,8.555966273040587,0.9137794032205406
210,82,139.6829268292683,114.10975609756098,12.538861064253128,8.610829586856264,0.7269112649590111
211,35,138.71428571428572,397.6857142857143,8.128316059388613,5.499449738513869,0.7363698521853573
212,26,138.84615384615384,107.11538461538461,6.35545666921016,5.22725041079467,0.5687907524169874
213,110,141.11818181818182,264.1454545454545,12.665635824072533,11.481275438769687,0.4222267387282049
214,34,140.85294117647058,271.6470588235294,8.899742247138668,5.211657120476708,0.8106027653521904
215,15,140.26666666666668,460.3333333333333,4.77795383588526,3.981909289096598,0.5526820968472154
216,80,141.1125,328.8125,13.870940249208251,7.323388328014192,0.8492653515172713
217,79,141.44303797468353,146.25316455696202,10.696624203690128,9.520053648999708,0.45594992093719294
218,38,141.44736842105263,470.8157894736842,8.339867134430664,5.800761350592289,0.7184815523607709
219,72,142.36111111111111,277.19444444444446,13.43404794871334,7.359913791635931,0.8365731392805887
220,21,142.8095238095238,423.04761904761904,5.602338368222782,4.7002407233912535,0.5441647649087309
221,72,142.68055555555554,133.625,10.9705482321232,8.418756829151613,0.6411732212590289
222,90,143.38888888888889,289.4888888888889,12.340942112819898,9.607374334082587,0.6276495397911561
223,52,144.94230769230768,107.59615384615384,8.957109124487065,7.4956252117793705,0.5474547104872549
224,50,145.4,121.2,9.499078830402757,7.020505777634128,0.6736261396754851
225,34,145.7058823529412,140.6764705882353,8.064093428728635,5.5862054464889415,0.7212010728809707
226,24,145.33333333333334,465.875,6.081140986576509,4.932066489508719,0.5849866175853743
227,41,145.7560975609756,518.1951219512196,8.220171291891694,6.335305912513646,0.6371952439099082
228,44,146.70454545454547,280.77272727272725,9.193331442708283,6.451600797653233,0.7124039496899544
229,25,148.16,116.44,7.839892358133441,4.193910801731586,0.8448869177095871
230,33,149.03030303030303,82.66666666666667,7.797102750627663,5.344551776488198,0.7281163560288252
231,51,148.13725490196077,471.0980392156863,8.712608603069878,7.526941585933539,0.503639939007009
232,90,149.27777777777777,126.95555555555555,14.631984018901496,7.973217930323891,0.8384899412484007
233,46,149.08695652173913,456.3478260869565,8.926612754861623,6.540689037106817,0.6805324863842358
234,22,149.0,99.81818181818181,6.453085837008325,4.349674315540986,0.7386897096864313
235,56,153.44642857142858,298.9107142857143,16.206987933585776,4.871498876555203,0.9537565585435955
236,60,149.65,268.4166666666667,9.353544579076082,8.456166942698802,0.4274052408014252
237,171,149.6315789473684,322.2105263157895,20.748335796593857,10.63729246728993,0.8585787411593588
238,87,149.7471264367816,346.632183908046,19.71870464855458,5.696026477678358,0.957370102922698
239,13,150.15384615384616,430.46153846153845,4.3616645597524775,3.756591133295642,0.5081397159034496
240,34,150.38235294117646,287.3529411764706,7.01922992882203,6.253328204122538,0.454228492698287
241,31,150.25806451612902,409.96774193548384,7.418499275225089,5.292702025069004,0.7007097493402953
242,38,151.42105263157896,274.86842105263156,7.513348454845687,6.538486909258894,0.4926114080122159
243,66,151.57575757575756,112.18181818181819,10.369192674335054,8.274367099916919,0.6026891998808696
244,66,151.65151515151516,293.72727272727275,11.17389123578616,7.548556281959749,0.7373113856341851
245,33,151.75757575757575,465.6666666666667,7.3776746769221155,5.7051552185417895,0.6340404069866102
246,106,152.64150943396226,135.29245283018867,12.579368785209933,10.808577182138594,0.5115886709121624
247,55,152.5818181818182,103.23636363636363,11.150866391067375,6.469713053376237,0.8144752927040718
248,40,152.85,281.225,8.756427058940837,5.878348846525589,0.7411692621344176
249,53,153.37735849056602,399.1320754716981,11.664418117223727,5.75824983152158,0.8696553233037941
250,36,153.25,424.19444444444446,9.347895903405094,4.888843707502443,0.8523396295783398
251,22,154.45454545454547,54.13636363636363,5.715172676462992,4.908882954066357,0.5121077796951234
252,108,154.97222222222223,304.97222222222223,14.952328236718092,9.402297003574079,0.7775523118560436
253,16,155.25,436.5625,4.999309771558982,3.9930441780670143,0.6017040856918728
254,64,157.109375,44.421875,12.987298961882582,6.347519450516368,0.8724248749158924
255,73,156.35616438356163,30.972602739726028,11.411373610210843,8.116395738364387,0.7029341537775441
256,35,156.31428571428572,107.11428571428571,7.528769679809712,5.93654150727186,0.6150165997248692
257,36,156.5,442.0,7.495616704323819,6.058433717616346,0.5888208932815623
258,60,156.81666666666666,514.7,9.125793101892933,8.379068513285485,0.39617671693095413
259,115,157.69565217391303,119.67826086956522,13.974549797509967,10.67991646979997,0.6449313978212381
260,93,157.69892473118279,313.5483870967742,11.773300607783609,10.235321479781872,0.494166629225799
261,48,158.25,499.2083333333333,11.463223912759307,5.498489466647371,0.8774525514497474
262,49,158.14285714285714,275.0,8.8177041656573,7.2254603258490935,0.5731842954020971
263,101,159.73267326732673,283.43564356435644,15.733783976012402,8.917151125442453,0.8238885508107644
264,4,159.5,328.5,2.0,2.0,0.0
265,66,160.33333333333334,8.424242424242424,13.549582637836394,6.371798118170113,0.8825290468435164
266,29,161.27586206896552,63.41379310344828,6.278954609436003,5.818841337079276,0.3757492863864439
267,78,161.0897435897436,291.15384615384613,12.928819423051614,7.761153484393029,0.7997758882978392
268,58,161.60344827586206,111.65517241379311,10.14192078255458,7.3928294973663125,0.6845799245103318
269,84,161.48809523809524,128.95238095238096,11.493571023434066,9.534510759554543,0.5584300017137422
270,66,162.33333333333334,506.3484848484849,11.008440205132377,7.623890245050364,0.7213703133622651
271,33,163.72727272727272,97.06060606060606,6.9489380403779295,6.18231216541362,0.45658993697271594
272,32,163.75,491.65625,8.202262970823304,5.033116048479397,0.7895973627996304
273,37,163.43243243243242,497.94594594594594,7.457115563215433,6.25159522174254,0.5451483539508467
274,48,163.625,545.6875,9.495450841481558,6.456824295555351,0.7332201471046658
275,73,163.6164383561644,104.04109589041096,10.499125103927318,8.9467855562414,0.5233044083964618
276,45,163.9111111111111,299.2888888888889,8.22526134229266,7.120784344308319,0.5005262690988227
277,41,164.46341463414635,382.2926829268293,8.308467935780913,6.240447553197217,0.6601942992025507
278,5,164.4,389.2,3.098386676965933,1.7888543819998317,0.816496580927726
279,33,165.15151515151516,8.848484848484848,8.607817290509429,4.90713291911486,0.8215901198527924
280,63,163.85714285714286,326.3015873015873,9.299050451403508,8.908697957692558,0.2866935992788234
281,37,165.64864864864865,67.05405405405405,7.066215000537357,6.733794551200723,0.3031075207060263
282,43,166.4418604651163,122.3953488372093,7.856098790932136,7.087908376700668,0.43128170852802683
283,72,166.58333333333334,309.68055555555554,12.015426022347132,8.212263140971869,0.72997237427878
284,45,166.9111111111111,334.1777777777778,7.829664219522156,7.395030876630917,0.32854335258622613
285,39,168.10256410256412,116.28205128205128,7.51633505316165,6.649616258777253,0.4661823729883646
286,47,167.40425531914894,292.1489361702128,9.609298025989032,6.284921045828303,0.7564549472935366
287,60,168.56666666666666,92.08333333333333,9.676645859360942,8.135127699691658,0.5415057318624449
288,79,167.63291139240508,316.44303797468353,14.429292673049895,7.141796341536884,0.8689207485329841
289,43,169.11627906976744,525.1162790697674,7.691735220200602,7.056903841871694,0.3978147122322054
290,132,169.66666666666666,418.469696969697,23.82913524809393,7.316512716004545,0.9516964069960483
291,28,169.64285714285714,531.3571428571429,6.162985436425169,5.776205440072356,0.3486810208071332
292,63,169.26984126984127,303.3174603174603,11.670948838277408,7.228383126762275,0.7851162957889323
293,54,169.90740740740742,498.75925925925924,9.6936404378684,7.1236676620834585,0.6781965796448195
294,77,171.96103896103895,109.75324675324676,13.437463839951624,7.493355004724868,0.8300785228047455
295,73,170.53424657534248,507.35616438356163,9.960734530283476,9.389356251352725,0.3338197296744587
296,54,171.37037037037038,328.537037037037,9.000853437389896,7.7093818696132095,0.5161192023643276
297,94,170.72340425531914,360.5425531914894,12.053568783878255,10.076880979449477,0.5487171207652433
298,64,170.203125,406.015625,12.71916650636017,6.823396579672445,0.8439221239772521
299,35,171.5142857142857,296.8285714285714,7.5513071793813955,6.008684589397907,0.6056718915551585
300,85,171.61176470588236,283.70588235294116,11.586088300081531,9.66934642697526,0.5509091392905059
301,61,172.0327868852459,321.1639344262295,12.142201658575132,6.441800714681098,0.84766623909966
302,44,172.02272727272728,490.9318181818182,7.8466047841351285,7.146707036164365,0.412842411268551
303,69,171.7536231884058,102.05797101449275,12.955005614429208,7.090364557885164,0.8369319607295745
304,29,173.20689655172413,290.2068965517241,7.427813527082075,5.01128334471309,0.7381243704193058
305,46,173.41304347826087,55.71739130434783,8.784762426238283,6.688305551942135,0.6483375302683845
306,31,173.8709677419355,534.5806451612904,7.79969618363585,5.037354181879049,0.7634729593086828
307,139,176.25899280575538,340.37410071942446,15.018057800994132,12.156421161833274,0.5871838271189184
308,23,174.91304347826087,485.7826086956522,5.733826014124255,5.0375140067593245,0.4776307722564948
309,53,175.83018867924528,97.71698113207547,11.013022548386221,6.275783589340493,0.8217479322999598
310,34,175.52941176470588,500.94117647058823,7.527631163311745,5.7369524784870025,0.6474366970731315
311,38,175.92105263157896,49.05263157894737,7.127645059886399,6.743417843388197,0.3238939740625378
312,51,175.84313725490196,115.70588235294117,9.114033934489353,7.141410569215349,0.6213136143556904
313,37,175.56756756756758,308.3783783783784,7.3260722063359065,6.498858909319607,0.4616034506544523
314,51,177.3921568627451,314.70588235294116,8.577410625117016,7.643722201786232,0.453717338465231
315,29,176.82758620689654,542.1034482758621,7.103536712915951,5.11217140648684,0.6943207788666131
316,32,177.625,59.625,7.211102550927978,5.612486080160912,0.627877989127481
317,75,177.36,516.12,10.340439756937815,9.191189928393738,0.45818140097557564
318,25,177.56,64.8,6.45921595312105,4.864250124217146,0.6579389213650304
319,64,178.640625,293.21875,9.858139044259644,8.469655443643711,0.5117178201236083
320,92,177.81521739130434,453.1521739130435,20.77087466149696,5.733352675715497,0.9611494607050038
321,87,177.80459770114942,471.264367816092,12.116366759113228,9.201081482532661,0.6506324614858034
322,29,178.13793103448276,491.41379310344826,6.341063442449138,5.829948411900614,0.39333316858172307
323,116,178.56896551724137,90.47413793103448,14.079982879252908,10.70022742281531,0.6499695424589276
324,73,178.82191780821918,300.8493150684931,10.928787855221552,8.671662924769818,0.6086096482357465
325,60,178.88333333333333,331.65,10.470343674509985,7.388783767296951,0.7085238742322925
326,83,180.48192771084337,324.3855421686747,12.89141296426282,8.51683013664052,0.7506859972528477
327,58,178.8448275862069,506.8965517241379,10.4307659548768,7.096955625133784,0.732853179084024
328,87,180.09195402298852,280.57471264367814,13.339658840676108,8.457544034538202,0.7733207338926251
329,44,179.95454545454547,350.20454545454544,8.270637304731281,6.794615994114134,0.5701584392732981
330,36,180.47222222222223,53.22222222222222,7.757505553106864,6.029259638715772,0.6292335400797042
331,20,180.15,83.45,5.6080087285383815,4.577143006356402,0.5777981144054634
332,37,181.59459459459458,495.64864864864865,9.2824081900746,5.097924471031254,0.8356891144637877
333,116,183.0,104.27586206896552,14.656247629615224,10.450750529614602,0.7011053322217063
334,63,183.015873015873,307.25396825396825,10.681816604658827,7.603627144350946,0.70235278394336
335,148,182.94594594594594,375.18918918918916,20.999722654918454,9.094863522878013,0.9013485394468868
336,5,183.6,489.8,3.098386676965933,1.7888543819998317,0.816496580927726
337,53,185.11320754716982,57.41509433962264,9.735945557626088,7.3346183103072375,0.6576146370312964
338,49,186.18367346938774,96.46938775510205,9.266522261317194,6.870913286850834,0.6709782655572782
339,44,185.79545454545453,313.27272727272725,8.680852484720035,6.568632458125129,0.6537847550504376
340,89,185.7865168539326,356.59550561797755,14.543812950225243,8.413879846853877,0.8156685308729796
341,52,185.1346153846154,319.0,11.235587684614988,6.121407399685606,0.838551024123498
342,85,185.90588235294118,339.4823529411765,12.99461162219589,8.990475521526676,0.7220299407923578
343,44,186.88636363636363,329.6363636363636,8.043920836764128,6.945916123522685,0.5043508636828121
344,31,187.06451612903226,520.8387096774194,7.814034540804752,5.067922677163452,0.761157816847041
345,56,186.96428571428572,348.57142857142856,9.182451554061442,7.829101375973731,0.5225386595806951
346,13,187.76923076923077,395.9230769230769,5.328287442446823,3.169735438983623,0.8038084375083333
347,70,188.22857142857143,64.85714285714286,12.097441272375006,7.4472071445122685,0.7880573397454493
348,62,188.2741935483871,362.241935483871,12.276030132330115,6.618520030574645,0.8422150575106417
349,96,188.08333333333334,87.02083333333333,13.573745603820187,9.5900317027917,0.7076997718197277
350,17,189.11764705882354,488.4117647058824,5.181899763382574,4.041201040002321,0.625943231252129
351,121,189.55371900826447,460.41322314049586,21.574082279938715,7.303045067343892,0.940962752843628
352,63,189.9047619047619,52.06349206349206,9.817054327427496,8.1836040530634,0.5523520365909228
353,45,190.17777777777778,369.0888888888889,8.175066996440279,7.26043790800931,0.4596122593733731
354,120,189.875,300.10833333333335,13.88581710525644,11.270003203560174,0.5841861049802113
355,35,190.77142857142857,309.1142857142857,7.663224635970971,5.865280793865924,0.6435783337523074
356,85,190.57647058823528,423.22352941176473,13.89149387442113,7.837570108353493,0.825638681292915
357,70,190.9,376.5285714285714,11.166936900081213,8.172123463473717,0.6815041563653077
358,76,191.4078947368421,290.8157894736842,10.452056997479628,9.435210786324753,0.4302426192479361
359,46,191.54347826086956,323.80434782608694,7.952450941340722,7.479431052218382,0.33974114738494376
360,36,191.72222222222223,398.02777777777777,7.690989205857036,6.003850089699783,0.6249880529929391
361,134,192.57462686567163,108.11194029850746,16.905047142334418,10.20776376292625,0.7971136094789385
362,38,192.10526315789474,315.8157894736842,7.642344846494032,6.442509028941003,0.53791103475199
363,34,192.1764705882353,524.5588235294117,7.664265068705889,5.594072133315702,0.6835643815081959
364,160,193.40625,385.8,18.736799371117893,11.38207908628631,0.7943411688313797
365,8,193.125,433.875,3.4641016151377544,2.7386127875258306,0.6123724356957945
366,8,193.125,484.875,3.4641016151377544,2.7386127875258306,0.6123724356957945
367,72,192.30555555555554,80.04166666666667,13.445709467701656,7.610092916259873,0.8244143617187404
368,42,194.14285714285714,330.0,7.864679574861208,6.894531912088141,0.4811377862403455
369,98,192.98979591836735,338.48979591836735,14.86294213395425,10.064477175211715,0.735842785841317
370,23,194.1304347826087,416.1304347826087,5.469281806440483,5.419282243785352,0.13490812512398556
371,43,194.37209302325581,99.90697674418605,9.245747896768423,6.218847886154874,0.7399907251988536
372,84,195.79761904761904,92.42857142857143,13.216481412130266,8.339067009201269,0.7758156160577244
373,77,196.07792207792207,347.84415584415586,12.890377926671846,7.789549679797354,0.7967630892998931
374,66,196.0,364.6515151515151,9.59162405144069,8.882914266744514,0.377249665559178
375,46,197.52173913043478,312.7826086956522,7.902477407134275,7.68427064144542,0.2333719208554284
376,42,197.21428571428572,320.07142857142856,8.109958095833328,6.850989904898761,0.5351411224162519
377,47,197.3404255319149,488.1063829787234,9.49653678566314,6.2869038353186975,0.7494855609222508
378,23,198.08695652173913,495.5652173913044,6.241120621171603,4.680048689493729,0.6615816507373996
379,49,198.26530612244898,84.73469387755102,8.527036869325942,7.675597593287378,0.4355835963351867
380,79,198.79746835443038,304.73417721518985,11.2832880718987,9.063168512698024,0.5956578893964944
381,31,197.48387096774192,412.2903225806452,7.145010545598029,5.7121208691329635,0.6007247760784655
382,55,198.29090909090908,436.1636363636364,9.330914284215325,7.50434511769147,0.5942973140436096
383,40,198.375,502.6,8.523927540972789,5.977680091494158,0.7128836091425905
384,20,198.85,334.3,5.556341125566584,4.574611819197062,0.567586589848995
385,34,199.38235294117646,444.11764705882354,7.527430879956762,5.704554022586544,0.6524457217145839
386,44,199.61363636363637,325.47727272727275,9.196944811005737,6.461175176058245,0.7116492408667944
387,76,200.0,464.5,14.886664354043548,6.46186083591103,0.9008789372358854
388,75,200.12,295.0933333333333,10.503090821022662,9.111639374681067,0.497402629419097
389,142,200.2112676056338,355.61971830985914,15.522711267080366,11.9654667211762,0.6370334815528363
390,105,200.57142857142858,373.8,12.571362405355828,10.995287967001492,0.48479144327213286
391,90,200.93333333333334,400.4111111111111,17.312014215250862,6.973518930933493,0.9152819292382897
392,47,201.14893617021278,98.76595744680851,9.252026749963123,6.573524763581829,0.703701592089391
393,79,200.126582278481,394.0886075949367,13.383001080532,7.594593404179709,0.8233867713939009
394,88,201.92045454545453,405.70454545454544,21.380337010866803,5.762068832949103,0.962999499215685
395,133,200.41353383458647,420.23308270676694,19.192671913965167,9.699538808427043,0.8628985368373459
396,174,201.35632183908046,40.247126436781606,28.191932471955624,8.343180130326557,0.9552058753943865
397,66,201.93939393939394,53.43939393939394,14.233735229869183,6.115918124089224,0.9029823385982385
398,47,201.85106382978722,429.5744680851064,9.033185442816137,6.747769200620906,0.66482656503549
399,65,202.2153846153846,76.76923076923077,9.142247859131228,9.05336656134307,0.13910270160628763
400,91,203.84615384615384,338.4065934065934,15.315478489483484,7.6829495544444155,0.8650729582365989
401,82,202.91463414634146,385.6829268292683,13.700939419491316,8.312381174860985,0.7949297012208133
402,15,203.06666666666666,523.3333333333334,5.9825936213138124,3.0484451785557387,0.860439603151109
403,28,203.92857142857142,308.57142857142856,7.298513533982369,5.098725950345359,0.7155145192525799
404,31,203.74193548387098,440.96774193548384,6.714640383697064,5.904545414065411,0.4761687355478208
405,59,203.96610169491527,315.3728813559322,10.585012347480601,7.188920759583262,0.7339899250974042
406,60,204.01666666666668,330.55,10.189166586277501,7.668318361890583,0.6584834026073157
407,72,203.625,501.5416666666667,17.78165340370505,5.24738262877092,0.9554660828050902
408,52,204.92307692307693,409.9807692307692,10.254786902860731,6.44266906104686,0.7780037171650631
409,8,204.875,473.125,3.4641016151377544,2.7386127875258306,0.6123724356957945
410,65,204.6,365.7846153846154,9.695055866995961,8.660908469832103,0.4493963163375019
411,21,204.52380952380952,446.2857142857143,6.325989297301186,4.364357804719847,0.723895976859095
412,70,205.37142857142857,85.47142857142858,10.892997526230534,8.262266872543353,0.6516807057802879
413,43,205.62790697674419,434.4651162790698,8.082764341803781,6.824495146713839,0.5358284525168944
414,78,206.60256410256412,345.2692307692308,13.084475236317402,7.915043988122742,0.7962872248034253
415,31,205.5483870967742,461.8709677419355,7.401720824699679,5.424648164570466,0.6803470085004034
416,87,206.91954022988506,94.71264367816092,11.50583711442685,10.260185825874075,0.45255311708127655
417,63,206.6984126984127,423.85714285714283,10.255337813051183,8.013790644564,0.623997550836491
418,47,206.72340425531914,468.2340425531915,8.329779618414557,7.287662054912904,0.48431708827908926
419,17,207.41176470588235,571.2941176470588,5.30043935343724,4.092631588351591,0.6354638360916526
420,76,207.80263157894737,322.38157894736844,11.361214826717577,8.667628499812224,0.6465001235183891
421,44,208.38636363636363,376.72727272727275,8.74765734210441,6.458959703126688,0.6744018493533324
422,53,206.8490566037736,450.58490566037733,10.177685779766101,6.741235795472174,0.7491905897718709
423,30,208.0,477.2,7.065723139237531,5.425454498900837,0.6406230591854383
424,43,208.65116279069767,578.4186046511628,9.916588436532347,5.720537669459204,0.8168391542404329
425,24,208.66666666666666,598.1666666666666,10.294664552300421,3.021753276943748,0.955951043631268
426,29,209.41379310344828,585.6896551724138,6.722191714934728,5.525533479776319,0.5695107017720791
427,62,209.8709677419355,359.7741935483871,10.517069228869113,7.623352308053055,0.688901256047682
428,76,209.9078947368421,390.7368421052632,11.292641204749748,8.841937328935405,0.6220440791454483
429,88,210.32954545454547,456.85227272727275,12.143037703726625,10.175989758115842,0.5456545269844106
430,44,211.02272727272728,315.34090909090907,8.059606469639922,6.986511189131572,0.4985601156728188
431,38,210.8684210526316,308.8421052631579,8.147960943069428,6.007722274710187,0.6755345755770232
432,46,211.19565217391303,382.6304347826087,7.856518490570955,7.564159971411312,0.2702585738238431
433,49,211.0204081632653,437.85714285714283,10.516416666902575,6.0008800601251036,0.8212140751003127
434,61,212.34426229508196,443.1311475409836,12.763556525614176,6.180522150830265,0.8749396533112845
435,137,212.71532846715328,593.3576642335767,18.09893813657813,10.20971780365933,0.8257024479317334
436,59,211.27118644067798,368.1525423728813,11.910885189877419,6.507268680472306,0.8375703017959101
437,54,211.4814814814815,414.01851851851853,9.809399323846673,7.132728936355827,0.686497587665592
438,19,211.6315789473684,419.1578947368421,6.262943351177779,3.9329456334357467,0.7782368899843266
439,127,211.90551181102362,486.4173228346457,17.13929200708667,9.720925367435754,0.82359941665249
440,38,211.78947368421052,398.05263157894734,8.018261901998692,6.274955465870427,0.6225462599711049
441,62,212.66129032258064,86.79032258064517,10.292484340495312,7.7984656714681195,0.6526199143660866
442,73,213.05479452054794,328.3424657534247,10.58873955490738,8.91561986098945,0.5394920942811419
443,63,212.65079365079364,353.26984126984127,11.421852683258757,7.216365066219917,0.7751286965422408
444,49,213.44897959183675,346.53061224489795,8.569610305309658,7.3049489393755485,0.522849732915198
445,46,213.1304347826087,465.9347826086956,8.103881572719587,7.252277880585263,0.4462384501698965
446,174,213.09195402298852,74.82183908045977,15.828648914700695,14.233897122499423,0.43743706849156494
447,29,213.72413793103448,448.37931034482756,6.60198507242721,5.735344244494287,0.49528549936768135
448,70,213.57142857142858,473.6714285714286,9.647783628496057,9.530245389294674,0.15561950191782908
449,122,215.0655737704918,567.2540983606557,16.06587745704585,10.065302646164659,0.7794198980980395
450,64,214.65625,576.65625,11.987981204367102,6.964700757659376,0.8139223922059238
451,44,214.8181818181818,94.70454545454545,8.90658702950225,6.311734844090066,0.7055509460375706
452,84,214.66666666666666,337.0238095238095,11.582998961933287,9.363030203643346,0.5887125117579829
453,49,214.3877551020408,408.6326530612245,10.385498473877382,6.225779488312733,0.8003983278889499
454,36,215.08333333333334,372.1666666666667,7.8913882795809736,5.797834070562983,0.678387882249033
455,52,215.19230769230768,423.9230769230769,10.460831006224389,6.659291447910092,0.7711999703843662
456,92,214.54347826086956,429.82608695652175,16.697231487151896,7.700453143995839,0.8873058581330036
457,41,215.46341463414635,511.2926829268293,8.308467935780913,6.240447553197217,0.6601942992025507
458,41,216.0487804878049,377.9512195121951,7.755996666111607,6.833388605359928,0.4730308933733454
459,31,216.09677419354838,393.35483870967744,7.8132535211528,5.055971804887845,0.7624034565828043
460,66,216.56060606060606,402.8030303030303,10.430160531470047,8.751733248372362,0.5440089106762435
461,3,217.33333333333334,462.3333333333333,2.3094010767585034,1.3333333333333333,0.816496580927726
462,74,217.52702702702703,551.8783783783783,12.764912462225638,7.450594343396146,0.81198545516573
463,117,219.43589743589743,318.008547008547,15.299850170590448,10.314779603230404,0.7385714555151318
464,57,217.59649122807016,457.64912280701753,11.352981569796762,6.857557247938767,0.796960525285636
465,45,217.7111111111111,359.26666666666665,8.402630857947276,7.09228355489943,0.5362564338859589
466,51,217.76470588235293,385.1372549019608,9.012494471600634,7.266594387695839,0.5915340225608133
467,75,219.66666666666666,540.36,16.65839629334532,6.250849688062242,0.926928830580058
468,9,218.66666666666666,598.5555555555555,6.052283110938236,1.695889732428958,0.9599397146648136
469,38,218.28947368421052,418.5263157894737,8.236376422774574,6.023619101410115,0.6820094637034488
470,117,218.6239316239316,559.4188034188035,17.378499489165367,8.731255075190289,0.8646253937595587
471,79,218.77215189873417,58.0253164556962,12.202336603827616,8.403363666042559,0.7250764306150989
472,32,219.34375,342.71875,6.978787649509008,5.8429678197864945,0.5468251546297742
473,28,218.78571428571428,573.0357142857143,6.569159355207177,5.563109398728426,0.5318277412223571
474,59,219.6949152542373,365.93220338983053,9.003884876261587,8.449922255319953,0.3453467581288756
475,48,219.3125,489.8541666666667,9.196634662589778,6.746786872658302,0.6795655915263914
476,63,219.4920634920635,505.0,10.882153789518044,7.431588978242816,0.7304975947236072
477,26,219.34615384615384,88.73076923076923,6.458964791992076,5.156497466643327,0.6021972256327986
478,42,219.97619047619048,348.5952380952381,9.03188025478701,6.014624340439937,0.7460118286361989
479,43,219.7674418604651,465.72093023255815,8.069548014816252,6.936845138249354,0.5109129983071982
480,52,220.21153846153845,477.38461538461536,9.54561129139782,7.078570275454242,0.6708950326368422
481,79,220.65822784810126,81.81012658227849,12.070924406491152,8.568351202466491,0.7043691159716501
482,86,220.30232558139534,435.22093023255815,13.6319619843369,8.207807144756885,0.7984205280773838
483,61,219.9344262295082,449.62295081967216,9.129896600962244,8.695574012414317,0.30476202582021267
484,75,221.70666666666668,68.45333333333333,13.901298556072712,7.593572472780858,0.8376227491222266
485,177,220.8870056497175,586.8474576271186,18.823699578815784,12.737514913037446,0.7362824234547718
486,44,221.88636363636363,373.1363636363636,7.701771308388312,7.298595452057247,0.3193063670593019
487,37,221.83783783783784,471.43243243243245,8.546251556481677,5.549064567048497,0.7605340410432346
488,36,221.44444444444446,511.3333333333333,8.254839177195564,5.7181409856243315,0.7212242225970412
489,107,221.17757009345794,519.2149532710281,15.106748080567087,9.292764378449027,0.788417929896007
490,113,222.52212389380531,526.70796460177,18.146803623656883,8.311037503577372,0.8889578293911926
491,91,221.67032967032966,534.1098901098901,15.096597715932345,7.808571598969141,0.8558400993000007
492,56,221.92857142857142,391.4642857142857,8.929237713489586,8.18680743005548,0.39922264335409136
493,34,222.55882352941177,379.29411764705884,6.946069896417737,6.321370535795753,0.41446699728806224
494,78,222.35897435897436,412.84615384615387,11.734046267985274,8.675037400157262,0.6733708697052379
495,51,223.05882352941177,353.0980392156863,10.206139513456474,6.466965620477473,0.7736322667892688
496,58,222.5,399.82758620689657,10.844987011694602,7.093971071465305,0.7563869480026842
497,78,222.37179487179486,483.8974358974359,13.092946183679251,8.148611862591274,0.7827259203103679
498,92,221.9891304347826,546.25,17.11519991935951,7.12486445731432,0.9092324850112729
499,91,224.57142857142858,337.72527472527474,11.83971298167739,9.87972182352295,0.5510742795619019
500,51,225.58823529411765,384.6862745098039,8.800519867119185,7.398233343467088,0.5415653214246782
501,125,221.736,495.216,21.055987236508543,8.311905286755216,0.9187874621245284
502,48,224.39583333333334,578.9791666666666,10.144270036665597,6.21127173244897,0.7906304660454614
503,34,225.14705882352942,425.8529411764706,8.05458565308286,5.8477614791485255,0.687677359603516
504,38,225.0,406.55263157894734,8.410986759924567,5.92500778369438,0.7097668146692797
505,44,225.04545454545453,420.9318181818182,9.340895256868667,6.28882570061935,0.7394083037490438
506,69,224.3768115942029,444.1014492753623,13.722786389487124,6.85053503026154,0.8664817508943323
507,66,224.84848484848484,458.969696969697,11.671005365311807,7.508350610887366,0.7655859196982097
508,41,224.9512195121951,572.9756097560976,7.8364891324052675,6.655670132966335,0.5278817887055914
509,70,227.0,357.6857142857143,12.651329959506334,7.232309398476347,0.8204878521473989
510,45,226.86666666666667,365.1111111111111,7.667125280718023,7.502584233228451,0.2060597655971478
511,46,226.58695652173913,467.30434782608694,8.601337151529258,6.982965037719286,0.5838709964455363
512,90,228.86666666666667,498.77777777777777,17.270035991657764,7.183635728441706,0.9093831343790479
513,29,227.44827586206895,370.6896551724138,6.997575257082622,5.9713489512774,0.5213459086565827
514,59,227.35593220338984,437.6271186440678,9.993596774463795,7.636560066636032,0.6450441466351206
515,30,227.46666666666667,508.1,7.552388297345879,5.32763110850735,0.7087862067969682
516,58,228.3793103448276,514.1379310344828,9.53401578549808,7.914167872170065,0.5576174623868188
517,53,228.75471698113208,3.830188679245283,11.861621235451187,5.689333300168527,0.8774642015850481
518,79,230.81012658227849,377.56962025316454,12.969320190723376,8.310619839270666,0.7677156187742036
519,86,229.09302325581396,451.22093023255815,12.615120987865142,8.825689487690509,0.7145229940344071
520,77,228.97402597402598,476.961038961039,10.677703863003794,9.365777713511681,0.48024560932590027
521,8,229.875,522.125,3.4641016151377544,2.7386127875258306,0.6123724356957945
522,117,228.9059829059829,64.37606837606837,15.834476814094259,10.05931728048975,0.7722823679160464
523,145,230.15172413793104,395.2,18.10850472811669,10.324958477884527,0.8215254924515487
524,124,229.7983870967742,553.991935483871,13.206917698847615,12.166457754939747,0.3890454442411568
525,59,230.5593220338983,416.23728813559325,9.64033087786827,7.974857351762613,0.5618502401586563
526,80,230.7625,429.95,11.383115210451116,9.037819875699915,0.6079606221927957
527,44,230.86363636363637,462.5,7.7502332676171335,7.311261550139309,0.33177032191748035
528,91,231.1978021978022,541.0989010989011,12.422278748655835,9.459170422030388,0.6482022507715264
529,28,231.42857142857142,49.67857142857143,7.0864349661002475,4.961771272953777,0.7139675755887898
530,47,231.3404255319149,407.72340425531917,9.308691998164267,6.637557634083806,0.7011137521188096
531,37,231.51351351351352,532.4864864864865,7.23355544143572,6.624654572909634,0.40158275202410276
532,63,232.61904761904762,503.42857142857144,11.22636990800798,7.198538658965953,0.7673596448340746
533,33,233.3939393939394,370.6060606060606,6.985454948859755,6.034833341870689,0.5036391064069321
534,38,232.97368421052633,422.63157894736844,7.690851849641868,6.268935419149262,0.5792979489564124
535,141,234.2836879432624,487.74468085106383,15.32383775946974,11.957891654536159,0.6253483125105184
536,128,235.65625,362.078125,14.873380187887872,11.823463136346497,0.6066864439922672
537,80,234.9125,439.4375,12.016908101330845,8.602843697532174,0.6982080174814634
538,85,234.94117647058823,470.74117647058824,11.853134887029677,9.189482267970277,0.6316193742195223
539,51,235.49019607843138,509.7450980392157,8.813816067897601,7.489929085725565,0.5271147412456866
540,83,237.93975903614458,411.3734939759036,10.943133387452015,9.787192109355853,0.44733126586204286
541,81,237.1604938271605,517.1358024691358,11.440917710994386,9.040548987573061,0.6128562854207802
542,41,237.6341463414634,393.4390243902439,9.526070693145263,5.624790859370842,0.8070648187750459
543,84,238.86904761904762,402.60714285714283,12.296590995888323,8.963024042878434,0.6846168142142872
544,110,238.6090909090909,66.77272727272727,14.451073777849707,9.929046822297494,0.7265815738632615
545,72,238.72222222222223,478.9861111111111,10.311474390105806,8.931359074325572,0.4997714361434402
546,56,238.69642857142858,375.125,9.031612496584627,7.864371752306423,0.4917073176972731
547,49,239.6326530612245,48.36734693877551,9.161439443739281,6.992330349165973,0.6461211048858376
548,93,242.09677419354838,386.44086021505376,12.592406283654277,9.397993085852205,0.6655847713522379
549,199,243.7889447236181,56.76381909547739,17.97994786336698,14.994159047928523,0.5518583730043118
550,70,244.77142857142857,396.6142857142857,10.021401081538627,8.964105857938325,0.4470754167397703
551,236,252.71610169491527,42.648305084745765,21.85848724177149,13.837640962459533,0.774106208201836
552,37,255.7027027027027,25.72972972972973,9.150031784278623,5.1535304384470235,0.8263032937080381
553,103,258.79611650485435,30.59223300970874,16.244921945176948,8.641755912373581,0.8467653366251994
554,135,264.162962962963,18.037037037037038,14.587665828417416,12.003602805041236,0.5682445426187229
555,147,268.1292517006803,5.510204081632653,14.059623840452984,13.591345854074255,0.25593716367819136
556,11,306.90909090909093,44.36363636363637,4.346129984141888,3.067356324605906,0.7084437526351622
557,24,311.3333333333333,52.083333333333336,6.747654389690853,4.536548395905952,0.7402652991775756
558,72,312.18055555555554,452.25,11.584799541842962,7.891185882808964,0.7321278554221641
559,267,312.2958801498127,101.67415730337079,19.524050209328113,17.45653727402426,0.4478587926076119
560,123,314.6829268292683,62.447154471544714,16.86868627849198,9.360305161777,0.8319221522032323
561,63,319.0,77.28571428571429,8.986762752065104,8.913797300417212,0.12717117101978945
562,82,323.8170731707317,64.95121951219512,11.56367483122304,9.16784705580688,0.6094632442393308
563,50,325.2,73.0,9.467296055546171,6.691061604606546,0.7074580940088452
564,93,328.8709677419355,497.40860215053766,11.884058255085144,10.023803670430798,0.5371819573125637
565,34,332.4117647058824,488.6764705882353,6.900178022877732,6.230853024407229,0.42964290201958877
566,53,338.37735849056605,487.33962264150944,10.236257806192413,6.621922349427465,0.7625676177194013
567,122,348.4344262295082,42.51639344262295,15.342833147215632,10.149688451671269,0.7499219190745958
568,39,348.84615384615387,597.2820512820513,9.706473577665035,5.176822608183208,0.8459027854804233
569,24,352.2083333333333,28.25,6.323060823626815,4.93198310786557,0.6257803683445754
570,88,352.75,50.96590909090909,12.376590276180035,9.350817169135919,0.6551203944621734
571,86,356.98837209302326,34.44186046511628,11.93429678310277,9.377362013071222,0.6185454519057489
572,94,356.43617021276594,589.7446808510638,12.591467421740065,9.72417196330238,0.6352790661538967
573,76,358.44736842105266,57.421052631578945,10.206753200023353,9.629682049342582,0.33148118484758904
574,39,356.8974358974359,596.7435897435897,8.04428145782499,6.252593623233452,0.6291648856260865
575,22,359.59090909090907,64.27272727272727,6.004294739502111,4.980757855328714,0.5584583852679949
576,34,359.79411764705884,28.823529411764707,8.788851589400817,4.963712388995077,0.8252458103313467
577,109,360.3394495412844,45.06422018348624,14.025579356473914,10.026439220844152,0.6992593254305408
578,21,363.14285714285717,52.666666666666664,5.5692312854981045,4.822894035696702,0.5000627357089009
579,53,365.0943396226415,596.7169811320755,11.099718128431887,6.244590032561926,0.8267360711645941
580,33,364.45454545454544,62.90909090909091,7.119797622886563,5.8406240696211125,0.571882297073349
581,85,365.50588235294117,575.4941176470588,11.821738234402682,9.244940630560613,0.6232422013166328
582,123,368.2113821138211,585.3170731707318,22.96659535836743,7.287408448127732,0.9483236435636123
583,43,367.6744186046512,58.02325581395349,9.446113706124532,6.0575686196387,0.7673100663402679
584,77,369.2597402597403,591.4675324675325,14.716513694278659,6.787354280959335,0.8872927404023468
585,74,370.4594594594595,51.972972972972975,10.463224268464979,8.992292942087024,0.5112720539184263
586,95,372.63157894736844,65.33684210526316,11.834860032212731,10.298262201042654,0.49276326388020486
587,31,373.61290322580646,72.70967741935483,7.585080854357099,5.484094212152679,0.6908368874551927
588,32,374.5625,45.40625,6.762592566248239,6.005349014247553,0.459795813519748
589,105,375.93333333333334,580.9238095238095,18.853191798043422,7.542440333984821,0.9164881997986527
590,60,376.4,79.38333333333334,9.607088438451946,8.007875745663462,0.552461740926751
591,99,375.1212121212121,569.4646464646464,19.558606158403883,6.848563267194344,0.9366913988967209
592,97,378.5670103092784,563.7628865979382,15.549762431794672,8.337993628971581,0.8440823461943845
593,48,376.7291666666667,575.2291666666666,10.024970699661031,6.230522202462826,0.7834139320069565
594,54,381.1111111111111,66.68518518518519,8.629459363417665,8.176813404988927,0.319618154480803
595,112,381.0625,88.08928571428571,13.339428199231142,10.770908106562143,0.5899373650319617
596,60,381.8833333333333,73.5,10.288201880982765,7.629009827299452,0.6709197665314589
597,50,383.2,54.96,9.007386435921752,7.028612209673601,0.6253848160698293
598,60,382.65,588.8666666666667,11.650590637883164,6.684755792898597,0.8190166917898778
599,33,383.8787878787879,79.36363636363636,7.166155963614653,5.876891390435567,0.5722348509447396
600,66,384.030303030303,96.84848484848484,10.558981468535626,8.187490422569352,0.6314638446177819
601,177,384.05649717514126,108.44067796610169,20.716314216621058,11.109793593847694,0.8440386514224991
602,66,385.469696969697,574.8636363636364,11.020403140240534,7.647282251199773,0.7200517458852428
603,12,384.75,59.75,4.379650052432559,3.672238021274514,0.5449362202351682
604,141,387.1063829787234,559.1702127659574,16.842048724073443,10.934299942044468,0.7605953531422031
605,135,388.1703703703704,127.33333333333333,20.774665278704497,8.513647801120323,0.912171291612905
606,16,388.6875,58.875,4.712429170543843,4.3566628642353615,0.381170670721425
607,39,389.6666666666667,568.7435897435897,9.26347729130842,5.544626819432744,0.8010876687200994
608,46,390.7391304347826,64.97826086956522,8.967315473220356,6.58486219320904,0.6788054995804674
609,48,390.9166666666667,100.5625,10.118905846685168,6.172584549560765,0.792397458704096
610,29,392.8965517241379,138.82758620689654,7.10353671291595,5.112171406486839,0.6943207788666131
611,61,393.27868852459017,110.75409836065573,11.398188695907887,6.876116051851101,0.7975416206440081
612,39,393.6666666666667,149.15384615384616,7.671968475810242,6.477559932405335,0.535846777964996
613,28,394.4642857142857,86.64285714285714,6.3671505791579595,5.577853953521753,0.4822454755116751
614,66,396.3636363636364,564.8333333333334,11.280098938989928,7.557004162490976,0.7424140709548327
615,31,396.6774193548387,55.806451612903224,7.0669658041869425,5.6041582361467865,0.6092116230853818
616,136,398.55882352941177,555.8161764705883,20.927089750751133,8.807868122399695,0.907114670477523
617,83,398.578313253012,155.63855421686748,12.70562917044475,8.445018064126455,0.7471393370661492
618,31,398.7096774193548,104.64516129032258,7.26236840726436,5.438038350409016,0.66279961239983
619,157,403.515923566879,549.7707006369427,24.977930839469234,9.180238076044446,0.9300100973240736
620,32,401.53125,89.96875,8.239531939164758,4.957707476594787,0.7987239004137211
621,34,401.55882352941177,129.26470588235293,10.05812281033056,4.230010527376954,0.9072662764401941
622,56,401.6607142857143,162.96428571428572,11.178751426486258,6.48308680367733,0.8146539874132903
623,63,402.06349206349205,96.65079365079364,11.748994119606026,6.808686696193424,0.8149634870020884
624,78,403.93589743589746,168.8846153846154,14.24595031139157,7.459620005475185,0.8519452237108391
625,56,403.5357142857143,53.035714285714285,9.868044686594637,7.191921501219122,0.6847168665039385
626,40,405.275,144.3,8.579921497287339,5.944320575169764,0.7211128762963255
627,114,407.1578947368421,176.99122807017545,13.69935757264041,10.979938885508593,0.5980041869665049
628,101,407.3762376237624,543.8118811881188,12.496390304667457,10.404646035074965,0.5538565302875685
629,90,409.7,186.34444444444443,12.081069169454391,9.617030409419433,0.6052422619643752
630,112,410.13392857142856,196.19642857142858,13.547441491161349,10.743353069038038,0.6091993461631477
631,41,410.6829268292683,161.7560975609756,8.292155204326674,6.316588757923181,0.6478654756397237
632,56,412.23214285714283,249.375,9.999373382603517,7.312435683734228,0.6820673169114769
633,41,411.9268292682927,256.4878048780488,7.653796049767204,6.981833379798002,0.4097334216380934
634,60,413.03333333333336,77.91666666666667,11.345748834353854,6.689177415711838,0.8077131514686177
635,44,411.8636363636364,208.88636363636363,7.802974964591655,7.290740978529238,0.35634614731819986
636,95,412.8315789473684,291.2631578947368,13.745017216338546,8.991047428165473,0.7563809255567367
637,62,413.241935483871,171.29032258064515,14.27680632470325,5.664029474410999,0.9179355892923647
638,62,414.4516129032258,203.4516129032258,10.628651770492409,8.958078039733646,0.5381899849935031
639,75,414.2133333333333,215.18666666666667,12.866315842498325,7.756216501545996,0.7978687581955999
640,175,414.7657142857143,272.0514285714286,22.27945280285141,11.178921452731156,0.8650073170004776
641,34,414.94117647058823,547.6764705882352,7.181463164446534,6.048043977406717,0.5392053287208971
642,90,414.74444444444447,281.22222222222223,14.130395516772097,8.25746630026916,0.8114829026132068
643,80,415.025,224.25,12.541179820857701,8.325191211072065,0.7478849299389279
644,118,415.56779661016947,237.55084745762713,15.809378281586286,9.650652284634035,0.7920637004924465
645,17,417.4117647058824,255.88235294117646,5.181899763382574,4.041201040002321,0.625943231252129
646,19,418.42105263157896,28.57894736842105,6.007929625764467,3.9363446638591837,0.7554628024471173
647,8,418.875,210.125,3.4641016151377544,2.7386127875258306,0.6123724356957945
648,165,418.06666666666666,263.06060606060606,20.9178950137565,10.183005732633807,0.873508809811851
649,119,416.7142857142857,298.7731092436975,14.948387566905607,10.366191820654127,0.7204897845046028
650,54,418.72222222222223,249.40740740740742,9.334733850557953,7.616398121506199,0.5781645010800583
651,39,419.3333333333333,549.9487179487179,10.929510583811586,4.591831595236045,0.9074632383214216
652,32,420.09375,201.0,7.211102550927978,5.599944196150529,0.6300278534746271
653,60,421.06666666666666,75.96666666666667,11.378851429951764,6.853187913630354,0.7982893367114265
654,50,421.62,216.12,8.682493764440656,7.4935640405917106,0.505091380687983
655,197,420.47715736040607,309.25888324873097,18.136419350510238,14.097548900977682,0.6291226184968668
656,132,420.3863636363636,540.1969696969697,18.51454830026688,9.674515899752748,0.8526172927254313
657,20,422.45,80.85,5.440588203494177,4.774934554525329,0.4793012932694109
658,86,423.3953488372093,223.98837209302326,13.715364302868949,8.256906511106456,0.7984819480357497
659,100,423.79,283.65,14.49481484303478,8.999707921157139,0.7838964820641791
660,58,424.32758620689657,291.12068965517244,10.261427987871793,7.450614530784995,0.6876105530571169
661,64,424.640625,196.40625,10.873237078034817,7.537617939034113,0.7207196286136006
662,79,424.73417721518985,231.54430379746836,11.987282623602068,8.580447231339782,0.6983095960790969
663,40,424.85,275.9,8.782445428097807,5.995719498315774,0.7307047389528379
664,102,424.51960784313724,318.27450980392155,18.88011143563261,7.3602097683158325,0.9208828948561707
665,36,424.44444444444446,533.0277777777778,8.19634509891797,5.838795420094371,0.7018084184643517
666,28,424.67857142857144,28.0,6.507452556531642,5.451081150953975,0.5461806047563827
667,23,425.1304347826087,211.2173913043478,5.873113002539891,4.9299366353326475,0.5435021718802291
668,152,426.01973684210526,241.43421052631578,16.240654524056183,12.176654672922492,0.6617055694191982
669,122,426.23770491803276,325.0163934426229,18.798301115656464,8.68826846961461,0.8867842027398107
670,34,426.6764705882353,543.4705882352941,10.169872147587323,4.345701230739256,0.9041045612774185
671,120,427.25,252.56666666666666,16.10377979028283,9.885873693725845,0.7893952355973912
672,72,427.7083333333333,343.625,10.944315745466417,8.599079897626146,0.618592513969236
673,22,429.6818181818182,258.6363636363636,7.0025448232098215,4.215955805545075,0.7984504527204324
674,64,429.03125,522.015625,11.176087590927663,7.370585791503462,0.751708015038337
675,94,429.63829787234044,40.59574468085106,15.940021189263557,7.535395138645114,0.8812050040023388
676,50,428.96,527.96,10.990019449165457,6.0504770478834935,0.8348068808748652
677,8,430.125,219.125,3.4641016151377544,2.7386127875258306,0.6123724356957945
678,23,430.9130434782609,285.7391304347826,6.216392405825789,4.770254840287941,0.6412080601941912
679,32,430.9375,207.8125,7.408307407203948,5.611771677497859,0.6528384807993951
680,84,430.5,269.6547619047619,11.32476845724239,9.706881182560242,0.5150880417256539
681,24,430.9583333333333,278.625,6.524997483232905,4.811094476938328,0.6755297065188973
682,163,430.4723926380368,296.8036809815951,17.865600560433116,12.112764787704851,0.7350677047316098
683,48,431.8541666666667,515.875,8.97995717790801,6.8631934723198595,0.6448856312009726
684,54,431.77777777777777,26.87037037037037,9.846671273864427,6.975008715427029,0.7058492325165328
685,51,432.15686274509807,262.5098039215686,10.69363736228326,6.311824035510822,0.8072270255812621
686,102,432.69607843137254,56.470588235294116,13.915254071884483,9.377248727416415,0.738838366358515
687,67,433.07462686567163,532.8656716417911,12.267667200626276,7.051492320754949,0.8182918016769488
688,32,432.40625,558.875,7.429565865886858,5.423184124151499,0.6835044968412485
689,96,433.4166666666667,308.5104166666667,12.77754921501855,9.554478295659228,0.6639745687546234
690,230,434.5826086956522,332.59565217391304,19.11148315601114,15.525294375719222,0.583164289585862
691,21,435.23809523809524,41.476190476190474,5.81998845694015,4.667232923185788,0.5974157974858433
692,27,436.0740740740741,209.14814814814815,6.77293190001516,5.097522172395018,0.6584419212243672
693,68,436.4852941176471,282.19117647058823,10.145218204343367,8.568984114977138,0.5353460785023194
694,118,436.864406779661,345.3305084745763,13.468671640632842,11.457085435349352,0.525737236840366
695,55,437.3272727272727,200.4909090909091,9.002034289671265,7.765493080275981,0.5058225029659456
696,182,437.3131868131868,358.34065934065933,17.58806898198195,13.816006111466326,0.6188199475232281
697,97,437.87628865979383,317.82474226804123,14.493750177865772,8.663172605448745,0.8017065675149925
698,134,439.6119402985075,502.85074626865674,14.336838313970503,13.6366363793865,0.3086963349574254
699,77,438.09090909090907,523.6623376623377,11.047571020271382,9.629224382366653,0.49019175801801074
700,54,437.962962962963,367.74074074074076,9.581514713142465,7.230654693527648,0.6561318094442411
701,50,437.84,512.82,8.793735877654033,7.5988294699947225,0.5032884797196144
702,73,439.47945205479454,545.4794520547945,15.496386560127092,6.046554503894456,0.9207338297931658
703,25,439.96,559.24,6.402487289320216,4.897035481808672,0.6441911507451396
704,33,440.90909090909093,206.0,7.8716800207042334,5.435143593599966,0.7233628861111983
705,19,441.6842105263158,22.842105263157894,5.84502823813456,4.110208831745895,0.7109946380280647
706,29,441.0689655172414,211.3448275862069,6.830741598749984,5.550734020355609,0.5828068092413654
707,83,441.13253012048193,374.5301204819277,12.773541539693294,8.351401809910366,0.7566633213979554
708,15,442.0,223.0,5.656854249492381,3.265986323710904,0.816496580927726
709,81,444.69135802469134,381.4691358024691,15.233821740498454,7.364993384164183,0.8753646437465136
710,70,444.1,516.8,13.27809911500122,6.99637239927569,0.8499206563958289
711,91,443.74725274725273,308.2307692307692,15.99258273673684,7.414749640935542,0.8860253561649143
712,27,443.74074074074076,336.22222222222223,8.153890121094749,4.331237436489471,0.8472548384548877
713,84,444.5833333333333,33.79761904761905,11.668935697641277,9.207811112816211,0.614280833410995
714,69,444.5072463768116,392.2608695652174,14.506083331896356,6.408086256634546,0.897137380298889
715,43,445.1162790697674,235.88372093023256,7.691735220200603,7.056903841871693,0.39781471223220566
716,34,445.44117647058823,368.8235294117647,7.664265068705888,5.594072133315701,0.6835643815081959
717,106,445.4622641509434,399.49056603773585,14.396228015113751,9.903681214564777,0.7257715066310092
718,42,445.64285714285717,280.7142857142857,8.097000476201627,6.593375227744345,0.5804463592210894
719,92,447.1195652173913,496.5,15.930236139339534,7.454130430628898,0.8837690204683241
720,17,445.2352941176471,538.5294117647059,4.931997543810661,4.493051407950859,0.41240561598695624
721,30,445.9,490.2,7.49103879596578,5.074544750418723,0.735600726378013
722,142,446.2676056338028,297.51408450704224,26.581442356953232,6.8830614842497395,0.9658927750377547
723,57,446.96491228070175,221.31578947368422,10.447939897700282,6.9355950459015325,0.7478886744729569
724,79,446.6835443037975,198.59493670886076,14.2256350144413,7.241668003964595,0.8607324394522937
725,113,447.91150442477874,429.9026548672566,14.87723800468197,10.179872628766176,0.7292397869796435
726,54,445.81481481481484,509.25925925925924,11.3418684602592,6.356456861779572,0.8281938298431317
727,62,447.66129032258067,22.080645161290324,9.4672754734768,8.578597742639078,0.4229958294776395
728,40,448.2,472.775,7.773656168264224,6.642309069714206,0.5195106669135398
729,46,449.2608695652174,484.69565217391306,8.468764502906911,6.9385821270768595,0.5733442589456191
730,94,448.79787234042556,407.74468085106383,14.536958132364218,8.688543676503302,0.8017299069069017
731,92,448.79347826086956,443.75,11.588044431458291,10.284645692953926,0.4607651211317203
732,86,448.5,415.30232558139534,16.31054386635211,7.109870483845254,0.8999920050209403
733,46,450.5652173913044,375.7173913043478,8.95003263677426,6.681162817551028,0.665389995696029
734,35,450.0571428571429,503.1142857142857,7.3791833757956695,6.281548916311445,0.52475617029879
735,30,450.76666666666665,522.7,6.8367507221156085,5.56306825884247,0.5812841913685336
736,37,451.43243243243245,16.756756756756758,7.3521744974019,6.472926749747618,0.4742135797068741
737,77,450.7402597402597,334.2597402597403,11.633939233782659,8.457631989076823,0.6866594671046632
738,120,451.19166666666666,388.175,14.477095036101273,11.18343752480638,0.6350247118121836
739,65,449.7692307692308,422.75384615384615,12.714954021406903,6.9249230766936165,0.838677575844975
740,110,450.4818181818182,285.58181818181816,16.84486136930528,9.085056342955271,0.8420900440397177
741,28,453.64285714285717,39.892857142857146,6.523856164694647,5.483790094779352,0.5416952527982152
742,87,453.6551724137931,201.8505747126437,12.273660299639856,9.11326188289229,0.6698398228266337
743,76,453.5657894736842,257.80263157894734,14.902238209495554,6.518737106722767,0.8992507983352795
744,43,453.4418604651163,315.6511627906977,9.131839814807334,5.984790911679012,0.7553025711977107
745,75,452.29333333333335,477.28,12.78869531628932,8.000301723227391,0.7801631777313678
746,54,454.7037037037037,3.111111111111111,9.513086937448756,7.285888231255478,0.6429828824253303
747,145,456.46206896551723,436.04137931034484,20.40978542572403,9.469947089455783,0.8858401611664374
748,96,454.9375,488.6979166666667,15.331400179982746,8.382060153095653,0.8373122157126408
749,82,454.4878048780488,295.6829268292683,11.611282765481574,9.130829355718722,0.61774867761484
750,30,455.5,304.6,6.332982446420222,5.999999999999999,0.31999002644032
751,14,455.7142857142857,249.5,4.20883424647321,4.120630029101703,0.2036532699906393
752,192,455.75,464.6458333333333,18.72407780674657,13.161888131107537,0.7112499503326715
753,77,457.16883116883116,419.2987012987013,14.519512099518177,7.270391122886782,0.8656021001741492
754,96,456.8333333333333,399.625,11.928478039346166,10.441119059774763,0.48356175549392716
755,16,456.6875,520.9375,5.326818938165629,3.7416573867739418,0.7117639563193815
756,28,457.07142857142856,381.10714285714283,7.367309491385073,4.753977479811571,0.7639461496965568
757,31,457.7741935483871,480.38709677419354,7.431297414335019,5.365473486320996,0.6918822773641295
758,41,458.7073170731707,407.8536585365854,7.854988278732175,6.771571893641834,0.5067844252219967
759,70,459.5857142857143,427.22857142857146,11.564348314667653,7.859358849577438,0.7335646345728806
760,179,457.60893854748605,452.6815642458101,18.367177401152322,12.981588584059729,0.7074315108444447
761,76,459.0921052631579,35.23684210526316,11.170016218083955,8.650380086324526,0.6326613110881164
762,66,459.6666666666667,443.469696969697,11.077071218634577,7.706154095265601,0.7183468202138796
763,42,459.95238095238096,473.7142857142857,8.155773756429086,6.643865652300976,0.5799934575484978
764,19,460.3157894736842,242.42105263157896,6.150039219685437,3.8740214928519525,0.776661503145017
765,54,461.25925925925924,341.462962962963,12.69624244872407,5.436900389475845,0.9036702074489222
766,44,460.65909090909093,414.20454545454544,8.796374381217062,6.445883770297049,0.6804562567559235
767,6,462.5,213.0,3.265986323710904,2.0,0.7905694150420949
768,146,463.63698630136986,302.0890410958904,15.095475238444442,12.493321894236962,0.5612883596841546
769,113,464.39823008849555,232.26548672566372,15.446282725161108,9.324739316421077,0.797220485409641
770,61,464.327868852459,581.9180327868852,9.909194071064302,7.828913241108415,0.6130223214036462
771,29,465.41379310344826,537.5862068965517,7.0493419802375925,5.146140167221414,0.6834288831216012
772,55,466.3636363636364,220.6909090909091,9.753277000289836,7.22572545954898,0.6716693597765641
773,29,466.9655172413793,574.2068965517242,7.437344498402214,4.897140278975824,0.7526220270385522
774,18,467.22222222222223,34.5,5.258737584977436,4.268749491621899,0.5840132092439594
775,40,466.85,340.9,8.030748340002276,6.495158281331616,0.5881028084037778
776,107,469.04672897196264,148.85046728971963,18.854816539888866,7.447662799577463,0.9186808857541301
777,37,469.1081081081081,397.64864864864865,9.004076282539552,5.199492129652361,0.8164191167581244
778,52,469.1730769230769,54.61538461538461,9.690453168101163,6.8513700267167,0.7071908870844474
779,58,469.8103448275862,504.6896551724138,10.049470897148243,7.338741308005392,0.6831677666288845
780,38,469.5263157894737,529.6315789473684,8.14863201084363,5.8979142007765395,0.6900182768489708
781,69,470.17391304347825,200.0,9.895160977081938,8.874755071573519,0.4422774357528032
782,27,470.77777777777777,336.3703703703704,6.27905384783931,5.574051795655755,0.46038064886065216
783,58,471.37931034482756,236.43103448275863,11.322712641277104,6.584002706685103,0.8135561683498489
784,61,471.8196721311475,360.6393442622951,14.614073621870073,5.4403945403849505,0.9281241117426456
785,68,473.6764705882353,43.3235294117647,14.579743751813009,6.065267802459547,0.9093616513136769
786,31,473.258064516129,229.51612903225808,6.832048379062802,5.802822653001825,0.5278247980228475
787,65,472.73846153846154,343.5230769230769,11.308823498958805,7.3792754614304314,0.7577683078168368
788,61,473.1311475409836,521.672131147541,10.716706190974557,7.288639032108827,0.7331014235784468
789,68,474.9264705882353,456.0882352941176,16.43848870443886,5.393925121317673,0.9446333401748873
790,85,475.2,11.329411764705883,12.329415585503645,8.963187452743549,0.6866630209798958
791,35,475.0,376.0,9.17435672863878,4.7752075543486985,0.8538646672640987
792,106,476.02830188679246,241.79245283018867,14.949259256956772,9.142822506319884,0.7911746076136604
793,94,476.8191489361702,356.9148936170213,16.296202117872205,7.619049312283016,0.8839744160001126
794,41,476.8048780487805,215.29268292682926,11.542951518154972,4.89898035315155,0.9054686535658123
795,42,477.8095238095238,2.857142857142857,7.74655382321893,6.875634558060101,0.4606664598958903
796,43,478.4651162790698,481.2325581395349,8.946119430741902,6.078043241963932,0.7337629665443653
797,48,478.1458333333333,491.2291666666667,8.952885583592138,6.831199321609089,0.6463790203833469
798,40,478.8,231.2,7.607262981207963,6.75644506636019,0.4595398387928821
799,74,479.5135135135135,506.52702702702703,10.73053176939285,8.876205534359729,0.5619200023878724
800,35,480.1714285714286,419.14285714285717,8.87492381970332,5.012455165515135,0.8252356741976744
801,23,480.4782608695652,542.6086956521739,6.479797721549889,4.480680048777986,0.7223912438364418
802,38,482.13157894736844,209.55263157894737,8.275542684891096,5.914688268612877,0.6994116343058449
803,49,482.0816326530612,16.877551020408163,8.789461891715414,7.053068562491815,0.596724737595566
804,7,482.2857142857143,216.0,3.0237157840738176,2.799416848895061,0.377964473009227
805,64,482.359375,370.515625,10.866232711701587,7.523607788497908,0.7215290198941469
806,19,482.8421052631579,347.8421052631579,5.271572221283754,4.5005385950383054,0.5207037318817048
807,36,483.3888888888889,378.77777777777777,9.022668926026789,5.060018886360303,0.827943333882316
808,72,482.8333333333333,403.02777777777777,17.617948879963656,5.189302931734511,0.9556371876949851
809,20,484.35,164.3,6.211554638518171,4.051739005995252,0.7579689369125511
810,40,485.15,251.225,7.595975472697516,6.688135511349764,0.47407570768875607
811,16,484.125,511.0,5.491121612710071,3.6874901266889313,0.740971222810684
812,43,485.72093023255815,387.2093023255814,10.214969672271852,5.433355289822029,0.846806379507321
813,43,486.1162790697674,46.883720930232556,7.691735220200603,7.056903841871693,0.39781471223220566
814,57,486.280701754386,220.5438596491228,11.352413511168661,6.369307283913518,0.8277797837888022
815,41,486.2926829268293,500.5853658536585,8.75046754109959,5.93383522698753,0.7349545548496327
816,28,486.7142857142857,563.0714285714286,6.77631576247382,5.194179807334581,0.6422207453194422
817,93,486.97849462365593,450.59139784946234,21.737764440193192,5.437379838937923,0.9682109205704162
818,59,487.0169491525424,529.6101694915254,14.750881128254271,5.224696953189326,0.935171368465282
819,48,487.6875,149.39583333333334,9.2522087203221,6.757257038509382,0.6830839294213217
820,27,487.5925925925926,210.92592592592592,6.421500681256116,5.2654105708259085,0.5724125976557585
821,60,490.05,202.93333333333334,12.993753967878618,5.965281220903242,0.888390610142848
822,32,490.15625,255.625,6.910158200998827,5.840298677051427,0.5344883724417774
823,46,490.0,384.5,9.582354872919284,6.227934709164343,0.7599873995118746
824,50,490.48,479.26,10.168847645478328,6.272681847746613,0.7870785595727823
825,33,491.3333333333333,152.45454545454547,10.452423321424426,4.3025304945442135,0.911351076062482
826,21,491.1904761904762,214.85714285714286,5.606478356002587,4.824874981205635,0.5092996658540534
827,29,491.58620689655174,530.6551724137931,7.005261640494672,5.285772319659345,0.6562504138931463
828,11,492.0,421.0,4.51260859854213,2.9541957835039856,0.7559289460184544
829,49,492.42857142857144,141.51020408163265,8.327822659780132,7.491000702832908,0.43689004948721605
830,111,492.2972972972973,182.44144144144144,16.44692294909092,8.756616786815751,0.8464823891952296
831,110,492.2090909090909,312.8363636363636,20.138364595176647,7.618766978633156,0.9256744529837783
832,51,492.70588235294116,433.921568627451,12.994847158517684,5.072462121212185,0.9206690346865514
833,38,493.05263157894734,53.0,7.137434968227219,6.833513830453788,0.2887029618885056
834,77,493.3246753246753,244.01298701298703,12.176253859692268,8.05646703823223,0.7498093010063972
835,17,493.8235294117647,251.94117647058823,5.223375262575888,4.16403509069658,0.6037253253949398
836,57,494.2456140350877,208.87719298245614,9.337168344893742,7.752547341657985,0.5573332247634472
837,15,494.53333333333336,396.6666666666667,5.148879227269528,3.609268690575713,0.7131795312507127
838,51,495.47058823529414,563.3333333333334,10.0789922220315,6.489413937978704,0.7651471601677436
839,17,495.4117647058824,502.05882352941177,5.695306516473482,3.706277656090748,0.7592834946661577
840,50,496.08,172.08,8.772113166291831,7.263967965084202,0.5606172735204911
841,57,495.4561403508772,192.94736842105263,11.539054690066953,6.238226326934456,0.8412678811539713
842,31,496.03225806451616,474.48387096774195,8.82818385983045,4.527026726862613,0.8585125638738225
843,18,496.22222222222223,484.8888888888889,5.96570925226535,3.8701698091948735,0.7610136145622338
844,50,497.58,409.26,10.562301889877963,6.017788529607901,0.8218235143747107
845,50,498.2,529.68,8.495451456955479,7.490587730112573,0.4717778628563058
846,28,499.42857142857144,547.6785714285714,7.0864349661002475,4.961771272953777,0.7139675755887898
847,61,500.91803278688525,54.85245901639344,12.143234509163912,6.520145221522074,0.8436226936913342
848,44,500.0,164.5,10.580348696267274,5.227709702931359,0.869407258353119
849,39,499.9230769230769,245.23076923076923,9.742183171651229,5.05757045662864,0.8546883778522253
850,94,500.3510638297872,500.32978723404256,14.963830170785956,8.133814218758141,0.8393670830310725
851,18,500.6666666666667,519.4444444444445,5.957555909596053,3.8314967167165883,0.7657550698163549
852,68,500.6764705882353,455.79411764705884,14.756130185078915,5.872981872835131,0.9173841786106663
853,28,501.39285714285717,210.85714285714286,6.36130461196573,5.620945483064167,0.46821380618230496
854,123,500.4065040650407,423.8780487804878,16.23896055153843,9.634776171482077,0.8049723172769124
855,35,501.54285714285714,511.7142857142857,9.191433951419983,4.923329622292749,0.8444443739867974
856,11,503.6363636363636,232.0909090909091,4.346129984141888,3.067356324605907,0.7084437526351621
857,27,503.5925925925926,538.2592592592592,6.025659376849023,5.679488253754414,0.33406370115253947
858,43,504.27906976744185,176.4418604651163,8.147266668547019,6.706194626792131,0.5678645386985717
859,16,503.875,304.6875,4.712429170543843,4.3566628642353615,0.381170670721425
860,50,504.58,270.86,10.236372593924019,6.267429785674607,0.7906483015899369
861,52,504.11538461538464,397.0,9.461323905552263,7.197832572462876,0.6490288634019846
862,65,504.55384615384617,490.53846153846155,9.99850435895565,8.243776526104238,0.5658605421607642
863,49,504.6326530612245,157.10204081632654,9.624696892956562,6.56977633350748,0.7307962535211451
864,23,505.7826086956522,202.2608695652174,7.436698279269407,3.9867287863330816,0.844161754726588
865,81,506.3703703703704,576.0987654320987,14.209702810841272,7.671023138373763,0.8417650683378701
866,34,506.8235294117647,441.55882352941177,7.954497037838954,5.43912753692176,0.7296880461600783
867,20,507.5,150.5,6.0,4.09878030638384,0.7302967433402214
868,61,507.60655737704917,223.7704918032787,11.608450510293144,6.747658584165105,0.8137098557645712
869,82,507.5365853658537,429.609756097561,12.61413884197124,8.316077676066879,0.751909461038109
870,45,508.24444444444447,144.04444444444445,8.218475499351747,7.011269145772133,0.5217299909504054
871,27,508.1111111111111,170.8148148148148,6.974189195321702,4.9087614364673335,0.7103517038137138
872,41,509.0243902439024,235.390243902439,10.409029534736069,4.9619124632663905,0.8790697907384539
873,66,509.45454545454544,402.8181818181818,9.72444904774306,8.72615806179913,0.4413355383303915
874,89,508.91011235955057,458.70786516853934,16.86859983098728,6.848313602939428,0.9138819761786185
875,95,509.2,522.6631578947369,15.139580294566906,8.036811458610869,0.8474672346322747
876,36,510.0,194.66666666666666,8.625356613296736,5.274982987240857,0.7911926899783197
877,23,509.7826086956522,545.6086956521739,6.013934515175301,4.820294404911254,0.5979667161426385
878,30,510.2,201.33333333333334,6.317486299531702,6.050200195926147,0.2877982277471246
879,42,510.0952380952381,536.452380952381,7.719512296182429,6.917136086014521,0.44393560529374276
880,104,511.16346153846155,180.83653846153845,14.29728351229716,9.27993911444533,0.7607286090322166
881,121,511.53719008264466,497.8512396694215,15.345661236197973,10.01497711773892,0.7576802343224456
882,9,512.0,436.0,3.265986323710904,3.265986323710904,0.0
883,25,513.08,141.24,6.555179602433278,4.88319776169701,0.6671344890067927
884,40,512.7,226.9,8.60628910530433,5.960854622947956,0.7213063852663059
885,64,514.078125,410.90625,10.674383831390852,7.685652123934673,0.6939647548299517
886,41,514.3658536585366,219.1951219512195,8.525427855018004,6.174731726451131,0.6895139976655816
887,44,514.7727272727273,265.4318181818182,11.002371333847154,5.103626023314935,0.8859053733262364
888,49,514.7755102040817,423.59183673469386,8.544721319334142,7.290302046024697,0.5215942681360566
889,46,516.0652173913044,484.69565217391306,10.710452318281925,5.492804313695013,0.8584810869567276
890,70,515.8428571428572,191.18571428571428,11.679332484115383,7.6655423594330685,0.7544705118054202
891,19,518.1052631578947,166.42105263157896,5.2224693977268695,4.682145799746452,0.4429654639799319
892,14,517.1428571428571,183.35714285714286,4.9437078791371425,3.6321351113335303,0.678393698847119
893,61,517.3770491803278,204.59016393442624,10.242710210749188,7.580833916740413,0.672474903675993
894,6,517.5,213.0,3.265986323710904,2.0,0.7905694150420949
895,70,519.3285714285714,175.02857142857144,11.485272873683046,8.060810770781465,0.7123357499555448
896,17,518.3529411764706,500.52941176470586,4.957954707224818,4.338609156373124,0.4839775141824608
897,195,518.3384615384615,509.75384615384615,18.22987444432578,14.303938066614586,0.6199482392868524
898,23,518.7826086956521,435.9130434782609,5.733826014124253,5.0375140067593245,0.4776307722564946
899,28,518.8571428571429,495.35714285714283,6.799991592076637,5.288118378056612,0.6286783602715024
900,28,519.0,143.5,8.0,4.47213595499958,0.82915619758885
901,45,519.3555555555556,526.8888888888889,8.473455062533162,6.76775698528494,0.6017281125116658
902,37,520.3783783783783,158.2972972972973,8.299942514778921,5.623368775414708,0.7355052691353134
903,21,520.3809523809524,296.4761904761905,5.875876393086047,4.52507946746466,0.6379094078906983
904,18,520.3333333333334,521.0,5.333333333333333,4.216370213557839,0.6123724356957945
905,91,522.1758241758242,402.9340659340659,14.416376749632937,8.051997738060694,0.8294834415976804
906,61,521.8688524590164,485.1475409836066,10.193872958146859,7.7408321385372165,0.6506692616229254
907,92,522.054347826087,548.804347826087,12.576150067498736,9.360314991426879,0.6678554821320889
908,35,522.3714285714286,169.82857142857142,7.291156946267625,6.154328970632861,0.5362152738424636
909,36,522.7222222222222,597.2777777777778,8.92524211726493,5.215769423494913,0.8114771989532079
910,36,522.9166666666666,537.25,7.752034770401664,5.8987156065852595,0.6488400644580994
911,15,524.1333333333333,150.53333333333333,4.618802153517007,4.061745656460751,0.47609522856952347
912,32,523.15625,163.25,7.727531551326037,5.328661288096721,0.7242205959787218
913,50,522.74,305.34,10.627659821282023,5.98344772878545,0.8264520719796754
914,34,524.1764705882352,565.4411764705883,7.954497037838954,5.43912753692176,0.7296880461600783
915,88,524.8636363636364,9.556818181818182,12.817198014040637,8.76497615340163,0.7296273585889075
916,79,524.5696202531645,580.7594936708861,15.715415063428104,6.433488447790911,0.9123664884230945
917,99,525.2323232323232,497.04040404040404,14.283794622002445,8.963036947198754,0.7786190541971048
918,70,526.1285714285714,513.5714285714286,13.540180179847518,6.639941778337627,0.8715042264255135
919,18,527.0555555555555,167.55555555555554,5.3903892081831195,4.289579735563818,0.6055819705981726
920,27,529.2222222222222,151.74074074074073,6.813420184904435,5.077973039021988,0.66674058728595
921,75,529.76,520.16,10.576735966501099,9.18412341824677,0.49598255674915254
922,59,530.9491525423729,145.4406779661017,11.014663259104546,6.98690262861005,0.7730645242415274
923,74,531.1756756756756,318.1216216216216,12.4760307592123,7.622642769522612,0.7916437121801676
924,48,531.0208333333334,489.3333333333333,9.321137531834207,6.6079502286066605,0.7052878861232865
925,38,532.078947368421,163.44736842105263,7.222919659198664,6.688648507312909,0.3774471255379418
926,78,533.2179487179487,280.62820512820514,14.735135288406116,6.824274728750322,0.8862906611222431
927,42,533.1428571428571,592.1904761904761,7.74655382321893,6.8756345580601,0.4606664598958905
928,56,534.6607142857143,6.339285714285714,13.043894458813787,5.596070140803846,0.9032957717444291
929,80,533.5375,305.575,11.67684313602136,8.873490540748376,0.6500142169065952
930,65,533.723076923077,496.44615384615383,9.662272781253693,8.619175647511534,0.45194791034942594
931,36,534.8333333333334,555.5,7.086763875156433,6.429100507328637,0.4207031619116712
932,88,537.6477272727273,403.72727272727275,15.822992099955428,7.141621364612653,0.8923497579929859
933,181,538.1602209944751,511.5911602209945,16.32646723417577,14.136548338378933,0.5002743549254131
934,66,537.9545454545455,522.9545454545455,9.5130218962194,8.895688191283496,0.3543669227445576
935,10,538.3,415.7,4.0,3.149603149604724,0.6164414002968978
936,10,538.5,434.2,4.09878030638384,2.9933259094191533,0.6831300510639732
937,17,538.4705882352941,560.3529411764706,4.957954707224818,4.338609156373124,0.4839775141824608
938,26,539.1538461538462,332.53846153846155,6.510418041618965,5.021164213552168,0.6365315537797905
939,42,542.047619047619,288.92857142857144,7.7742309135002525,6.818433758495899,0.4803886435488049
940,44,541.7272727272727,305.8181818181818,7.979382215119174,7.139613964649165,0.44655189402150264
941,91,542.6373626373627,353.3296703296703,21.30555966156394,5.458072273179475,0.9666289210173304
942,45,543.8666666666667,7.333333333333333,8.718281614544795,6.516339217735778,0.6643361852023243
943,33,543.4848484848485,22.12121212121212,8.133556482508515,5.36265073909506,0.751858750129164
944,49,544.4285714285714,420.46938775510205,8.235282884966395,7.548605737657034,0.39976500985614793
945,42,544.9285714285714,27.928571428571427,8.17828550134419,6.473388749701496,0.611125493991227
946,27,544.8888888888889,281.48148148148147,6.10737294880025,5.575802222479568,0.40804356301730604
947,40,545.75,325.2,7.847525618339176,6.631466027170036,0.5347045076959943
948,54,545.1666666666666,522.0185185185185,10.088410135525525,6.906516882659262,0.7289197625512086
949,18,546.1666666666666,367.8888888888889,5.031134368678197,4.599654635597568,0.40517740483297787
950,41,547.9024390243902,373.3658536585366,7.891576777550041,6.656364777391351,0.5371650385162742
951,40,547.575,533.25,8.306217186445364,6.157658325337615,0.6711393191239162
952,52,547.5384615384615,557.9423076923077,8.937358488607531,7.403778152971806,0.5601253366574925
953,24,548.7083333333334,390.2083333333333,7.327189940229072,4.194051186810153,0.8199776167656269
954,79,548.6582278481013,404.26582278481015,15.501199037556171,6.564530137466614,0.9059029689005735
955,55,549.6363636363636,381.07272727272726,10.713770303675739,6.646685765492443,0.784295699732305
956,72,550.6944444444445,19.65277777777778,10.885893234381648,8.722069076971994,0.5983608131454238
957,11,550.1818181818181,306.1818181818182,3.8138503569823694,3.6725472503134826,0.26967994498529707
958,77,551.8571428571429,329.2597402597403,11.772683858949307,8.395918686958387,0.7009916615974634
959,29,552.3793103448276,390.82758620689657,8.647683528519273,4.294173253450285,0.8679971393926309
960,41,552.5365853658536,529.219512195122,8.648883901462368,6.041687078110254,0.7155602048262856
961,77,554.4805194805194,538.5844155844156,15.493793038753545,6.326933046552745,0.9128242047985597
962,50,554.16,371.18,9.315379554019879,6.809970907760797,0.6823281866598052
963,53,553.4528301886793,399.9056603773585,12.181183336341823,5.66079030024352,0.8854598111261285
964,72,555.6805555555555,298.40277777777777,10.84780712815798,8.477880821663769,0.623868340926597
965,75,557.9733333333334,420.50666666666666,13.023597046440386,7.41353476755367,0.8221723434035442
966,47,558.1914893617021,325.27659574468083,8.076714527937616,7.4504429276139605,0.3860936016930882
967,50,559.6,17.14,8.9850919686895,7.059357075130244,0.6186401852679951
968,41,559.9268292682926,149.46341463414635,9.157994293290344,5.658980597642108,0.7862347323116404
969,34,559.8823529411765,552.6764705882352,7.814901057661173,5.538789263988059,0.705462545190116
970,34,561.4705882352941,396.29411764705884,7.721413886819193,5.6082467802600595,0.6873526881248919
971,30,562.3333333333334,429.5,6.345602151621757,5.96284793999944,0.34204940066382394
972,52,562.1730769230769,354.0,9.612870413238161,6.863922528515452,0.700110365176078
973,31,563.3225806451613,423.06451612903226,7.259998840551126,5.496002953866675,0.6533855394232009
974,20,563.75,39.75,5.138093031466052,4.9396356140913875,0.2752409412815902
975,54,564.5,320.6296296296296,8.372664385745063,8.174032958999788,0.21652894487791594
976,80,566.3,3.1875,13.153992190287095,7.846654666663119,0.802596220347141
977,24,567.9583333333334,206.20833333333334,6.331739012307386,4.951786767535108,0.6232057274622506
978,45,568.8666666666667,172.51111111111112,8.066443340484517,7.191156982595585,0.45303954174948385
979,66,568.8181818181819,436.8030303030303,10.547616238857746,7.990027366410242,0.6528122733692985
980,68,570.1029411764706,42.411764705882355,11.6349472431608,7.505590250060686,0.7641064424400908
981,56,569.9464285714286,385.39285714285717,11.463413488491257,6.2395502984246045,0.838889830995926
982,34,570.5,519.0,7.392571411289448,5.7545281136978454,0.6277433712160546
983,30,570.7,557.0666666666667,7.04588829813975,5.4201181087094,0.6389362037118566
984,25,571.08,166.56,6.229132290364385,5.01975207646152,0.5921184607712485
985,29,572.448275862069,206.79310344827587,6.389646798289913,5.939048314927169,0.36887274443138607
986,53,572.433962264151,214.26415094339623,10.669348072141121,6.318403333648673,0.8057899539326916
987,43,573.1860465116279,131.0,8.731300749082656,6.328331822808567,0.6889731822753338
988,68,574.4852941176471,156.33823529411765,10.450241437119576,8.261516901778132,0.6123877982635423
989,57,574.0526315789474,510.9298245614035,11.003097066660773,6.601565720467172,0.8000199382093428
990,21,575.952380952381,503.6666666666667,5.309470424672897,5.135797623890577,0.2536731447159204
991,34,577.6176470588235,171.26470588235293,8.166878177488876,5.354009958280237,0.7551291326980635
992,23,578.5652173913044,336.9130434782609,7.0786221656291595,4.038906779267536,0.8212433457062593
993,21,578.9047619047619,351.42857142857144,5.9701171190973845,4.465475117405723,0.6637312870134578
994,15,580.0666666666667,398.3333333333333,5.9825936213138124,3.0484451785557387,0.860439603151109
995,37,580.0540540540541,413.02702702702703,7.100132958077501,6.6507426551574484,0.3501148597963325
996,64,580.34375,162.609375,11.592535709883771,7.037832376880653,0.7946251799111854
997,43,580.8139534883721,406.6046511627907,8.772575644135497,6.219724018425475,0.7052121601179371
998,37,580.6756756756756,435.4594594594595,8.611984095372492,5.493496805377546,0.7701276543967817
999,61,581.4262295081967,426.7704918032787,10.27137608473075,7.587422207894495,0.6740389743596934
1000,42,581.4047619047619,318.57142857142856,9.343898252686852,5.697789753388686,0.7925651673571275
1001,33,582.4848484848485,547.2424242424242,8.063002387851878,5.220740215524468,0.7620711224666374
1002,4,582.75,154.0,2.8284271247461903,1.7320508075688772,0.7905694150420949
1003,44,583.4090909090909,355.15909090909093,8.971249333225165,6.184838121664111,0.724374625529889
1004,33,585.6060606060606,290.45454545454544,7.056887481662128,5.963476935576357,0.534675157555195
1005,27,585.2962962962963,433.44444444444446,6.08167276575676,5.650626522907974,0.36976895853305364
1006,32,586.0,569.90625,7.211102550927978,5.599944196150529,0.6300278534746271
1007,38,586.7105263157895,413.5263157894737,8.175767700143385,5.895115807202443,0.6928857687805897
1008,44,586.6590909090909,423.54545454545456,10.126084694436383,5.809618314437563,0.819045897735619
1009,33,587.0,563.0,7.76350401496978,5.3796028312199144,0.7210001614144307
1010,45,587.3111111111111,9.311111111111112,9.409624370264515,6.088743414779275,0.7624253860281678
1011,37,587.7027027027027,331.9189189189189,7.6074988756116,6.191634145543898,0.5810250884159996
1012,53,589.377358490566,515.622641509434,9.849257916781085,6.896913236191269,0.7139006578411228
1013,60,589.3833333333333,144.6,9.171162605318209,8.345377883737108,0.4146991992448037
1014,52,590.5,281.5,10.4271985362427,6.291360981017574,0.797468470464673
1015,25,591.92,373.56,6.229132290364385,5.01975207646152,0.5921184607712485
1016,39,591.2564102564103,550.5641025641025,8.048969793316633,6.113791852464179,0.6504203607876519
1017,20,591.9,557.05,5.215361924162119,4.795831523312719,0.3929526239966882
1018,55,593.5272727272727,130.05454545454546,10.574808669778955,6.564734240405669,0.7839769899356034
1019,22,594.0,301.1363636363636,5.565537405459625,4.972652484064488,0.4491186673637602
1020,54,594.425925925926,326.98148148148147,8.934375717825837,7.865203738419812,0.4743607830810565
1021,56,594.2142857142857,382.0,12.231623187986525,5.947014883439008,0.873847575203574
1022,57,595.9298245614035,435.6842105263158,9.263829552019748,7.899483371162917,0.5223628639980057
1023,31,596.8709677419355,136.09677419354838,7.00419960367256,5.617580696874642,0.5972832737849171
1024,59,596.542372881356,371.271186440678,12.716223364408222,6.028805842594555,0.8804691268362952
1025,23,597.0,562.0,5.897678246195885,4.86335007099463,0.5656854249492381
1026,46,597.2391304347826,314.6304347826087,11.94223556859834,4.901219340426468,0.9119008658910788
1027,10,598.0,567.8,3.919183588453085,3.0983866769659336,0.6123724356957945
1028,27,598.074074074074,343.962962962963,10.594962305035326,3.2099378580509237,0.9530006302161375
